51.569,67.486,97.681,190.61,203.37,7234.1
57.186,68.127,117.17,176.96,188.3,7976.9
56.568,89.837,110.4,186.47,183.37,7930.6
45.618,72.988,110.84,175.63,187.23,6221.2
28.051,73.079,103.27,151.44,194.91,4201.5
48.522,86.077,115.14,162.07,192.76,6626.9
16.459,63.213,124.68,192.03,189.17,3796.7
40.147,78.39,122.02,180.39,211.91,5887.6
51.483,67.797,129.78,155.71,172,6834.7
54.66,67.346,108.02,179.66,179.53,7456.2
55.005,59.508,127.41,182.88,204.22,7846.7
34.163,58.113,89.944,161.31,207.29,4824.7
31.251,75.025,129.09,188.08,180.02,4758.6
67.183,55.314,91.304,165.31,202.9,9642.1
52.489,72.688,108.21,180.85,196.4,7304.8
51.456,62.425,104.52,174.8,204.09,7125.1
68.594,68.627,95.533,177.81,204.01,10087
54.981,55.386,100.69,186.15,184.86,7531
43.975,67.708,123.35,180.81,182.79,6057.8
30.647,71.473,103.19,180.92,209.36,4775.6
54.88,81.388,94.607,197.65,186.93,7667.6
45.694,66.267,131.71,182.05,197.99,6472.4
25.309,57.84,127.71,178.74,179.16,4135.4
52.844,72.391,117.74,148.04,198.85,7182.1
50.978,50.49,101.73,165.54,173.67,6648.4
44.534,80.316,105.57,171.03,208.55,6238.8
67.222,79.653,92.843,149.58,209.08,9669.4
46.882,50.568,125.08,181.41,180.63,6380.9
60.515,75.415,107.08,201.02,179.27,8608.7
43.4,65.656,114.43,152.94,172.67,5624.7
30.143,65.535,112.61,187,220.46,4914.2
29.822,63.501,126.58,172.17,188.71,4545
34.539,72.608,126.85,154.72,201.87,5002.5
50.746,72.434,102.52,209.72,200.14,7268.3
48.693,48.324,111.49,190.3,203.44,6832.4
32.003,64.688,129.09,149.68,196.04,4654.1
48.058,56.008,122.71,174.58,219.06,6853.9
46.543,79.761,99.297,177.15,204.68,6477.9
30.415,48.661,90.744,228.41,198.6,4880.3
40.253,72.982,110.86,178.98,183.42,5546.5
42.968,52.146,113.32,170.41,189.6,5815.7
40.542,77.011,119.27,169.67,204.57,5764.5
40.91,61.14,103.85,172.88,179.88,5470.7
35.176,51.696,95.127,186.6,198.93,5048.6
21.2,53.69,100.53,191.3,205.94,4047.9
62.611,50.391,109.79,161.16,213.26,8935.3
40.573,72.686,120.19,169.89,209.07,5803.9
44.266,61.241,95.911,154.26,210.6,5987
36.641,29.758,106.65,167.21,192.83,4991.5
41.673,61.797,86.609,205.08,176.38,5683.4
46.933,65.498,89.244,161.58,194.51,6220.1
43.855,90.054,120.76,201.4,180.76,6233.4
43.647,49.351,109.7,166.4,196.94,5910.9
40.293,65.828,118.44,189.06,194.5,5750.5
60.598,49.972,107.12,181.64,217.73,8759.6
38.857,53.426,125.56,183.95,203.53,5632.9
55.444,84.519,107.78,174.76,192.29,7713.4
45.852,55.522,101.25,167.68,188.09,6095.9
69.519,72.685,105.71,164.45,195.94,10161
59.593,49.056,102.78,191.12,205.6,8517.8
22.198,46.493,107.84,168.76,181.33,3726
45.818,63.76,114.12,186.44,184.65,6295.6
33.589,76.73,111.66,167.08,184.92,4775.3
54.242,61.082,112.27,164.35,221.02,7666.7
59.161,65.773,115.58,184.86,214.54,8598.7
26.763,44.508,102.85,177.09,200.62,4260
35.4,44.73,120.94,171.05,199.76,5078.2
50.739,82.403,85.768,174.89,198.26,6925.2
41.71,63.799,127.26,156.53,173.72,5517.3
51.041,37.295,107.59,165.64,226.14,7141.4
49.792,63.405,117.14,160.99,192.81,6741.8
35.483,71.737,100.78,172.22,179.66,4880.7
62.11,77.734,90.321,171.29,192.54,8706.4
48.833,68.848,95.803,173.84,191.31,6591.1
58.397,60.566,107.77,149.74,208.87,8091.5
45.815,56.472,117.04,188.24,219.98,6633.5
59.696,56.855,123.12,173.86,176.31,8262.4
39.586,46.334,137.84,211.33,207.8,6008.2
28.454,69.747,96.58,188.28,206.77,4579.7
33.599,49.37,101.35,177.48,215.32,5002.6
73.202,59.371,99.111,168.5,204.04,10950
44.802,34.234,112.9,177.8,216.39,6298.9
45.034,101.57,118.96,177.17,200.22,6407.8
50.567,74.121,99.972,174.61,200.06,6965.9
81.61,42.502,113.31,178.54,180.02,12705
46.521,46.96,104.73,188.31,192.3,6374.2
47.575,81.531,110.44,184.21,204.84,6738.4
45.097,71.162,117.01,171.71,197.55,6247.5
27.946,69.828,78.824,181.44,188.79,4223
46.124,62.851,125.67,178.24,205.12,6524.6
44.482,57.905,113.75,198.65,221.67,6541.4
48.216,64.979,113.89,152.71,182.65,6348
48.845,65.521,119.56,159.15,176.1,6455.8
52.595,57.12,108.49,156.36,195.66,7082.2
34.224,89.652,119.63,175.1,179.72,4931.4
55.959,76.698,136.56,196.91,177.11,7953
35.927,78.54,109.4,195.98,189,5261.2
40.761,69.179,114.65,178.97,189.18,5668.4
25.205,57.105,129.73,180.63,203.27,4376.6
32.283,64.611,101.62,158.92,209.7,4731.1
62.874,46.456,114.6,152.26,208.41,8883.8
46.814,65.79,116.09,182.18,210.32,6653.4
50.902,35.088,103.38,166.75,199.97,6855.1
64.077,65.949,118.3,153.06,209.66,9200.7
31.105,73.151,124.13,175.17,226.82,5053.3
46.888,54.033,103.7,155.75,193.2,6200.2
60.846,49.822,117.95,156.72,193.28,8442
39.435,68.541,112.83,176.64,171.72,5322.1
65.873,45.874,119.56,200.2,186.81,9628.2
54.825,75.797,125.17,183.89,210.46,7921.3
63.522,60.525,87.063,169.57,200.07,8950.5
64,65.481,135.51,155.64,206.64,9268.3
61.429,89.635,91.655,167.86,185.33,8534.2
65.045,56.885,127.63,160.55,206.09,9427.1
30.96,68.925,103.32,148.3,196.64,4429.3
37.003,66.439,101.42,182.18,191.95,5218
27.715,81.825,72.758,177.28,174.81,4045.6
34.972,70.901,116.88,181.34,200,5172.4
66.181,68.065,111.61,172.75,200.82,9633.6
45.512,65.85,129.18,186.9,152.9,6048.3
50.792,47.722,115.08,181.77,212.03,7166.9
48.021,48.286,119.17,189.8,216.46,6897.8
43.505,64.26,116.75,188.35,212.98,6292.8
61.854,48.444,124.61,180.51,207.32,8964.5
13.421,71.425,114.52,173.27,192.37,3523.5
43.927,68.079,100.12,158.74,216.74,6078.6
36.027,55.458,95.885,176.17,195.5,5040.1
66.158,58.823,101.7,151.54,197.19,9352.9
54.353,72.641,110.27,170.55,202.57,7582.4
49.231,51.891,103.34,180.28,190.87,6681.7
40.437,59.974,113.25,183.06,201.23,5739.3
64.489,78.727,130.15,168.21,219.35,9585
62.226,51.032,99.192,175.64,182.65,8634.8
57.902,55.17,89.165,172.12,199.84,7978.2
23.108,65.723,116.5,161.64,197.48,3986.9
45.918,67.965,132.58,184.97,198.27,6536.6
31.879,55.344,116.29,185.11,215.1,4994
40.918,66.543,123.63,189.78,209.25,5997.2
59.134,60.574,120,179.31,188.7,8317.9
42.241,76.555,91.066,169.54,201.19,5782.4
34.08,59.307,111.35,166.36,209.51,4994
50.444,41.976,126.93,196.55,212.47,7278.6
49.99,106.85,104.75,184.24,205.56,7131.1
58.507,74.701,118.74,166.67,202.94,8284.4
38.14,76.625,94.95,170.08,190.33,5230.1
40.79,61.009,109.65,173.79,218.48,5855.6
50.725,79.773,104.56,179.52,197.07,7039.9
57.787,73.701,119.42,167.62,176.32,7922.1
37.309,76.808,137.15,163.06,207.67,5475.3
71.75,34.44,116.51,178.11,180.02,10513
56.126,68.785,109.08,172.45,188.04,7725.5
38.848,76.089,110.89,172.1,189.97,5404.6
49.266,83.74,104.46,162.2,202.17,6756.9
47.04,57.314,89.819,173.34,202.11,6373.7
27.971,65.132,128.51,182.18,208.74,4669.5
58.822,75.777,123.23,160.16,209.65,8378.5
72.634,77.433,104.37,188.14,186.65,10900
66.692,39.725,115.32,164.58,205.99,9652.3
43.685,60.283,92.49,172.77,215.55,6079.2
55.74,60.764,108.39,184.18,209.76,7927.9
57.775,59.945,88.131,192.95,198.32,8109.9
58.749,79.735,119.73,167.49,190.33,8234
54.432,71.475,97.665,160.97,180.8,7247.1
12.641,55.103,85.454,185.11,193.65,3391.4
42.977,42.068,125.29,194.09,217.67,6293.5
32.195,54.661,121.73,172.81,209.34,4902.8
53.497,50.439,124.31,177.78,189.38,7389
55.154,50.569,113.25,166.68,209.79,7696.7
51.022,47.853,95.84,185.91,234.23,7337.2
48.449,77.179,138.81,170.26,199.03,6837.7
43.407,73.352,137.8,184.04,192.97,6200.4
42.644,74.563,123.32,171.36,192.47,5930.6
38.538,66.271,117.65,197.39,197.07,5635.3
43.598,87.807,95.159,174.67,180.53,5851.8
38.032,46.664,121.54,156.67,194.3,5205.6
33.701,49.683,134.86,160.29,195.65,4877.8
39.348,70.621,96.513,172.42,218.89,5640.9
36.351,76.944,107.14,180.39,204.71,5317.1
20.084,66.365,108.97,158.62,203.32,3791.7
59.728,50.816,124.78,166.83,182.69,8264.8
55.481,71.472,124.72,174.19,194.36,7785.9
59.487,49.122,99.482,174.05,194.23,8245.9
45.097,49.169,111.05,191.65,187.26,6204.6
25.776,55.553,112.07,177.27,211.81,4373.9
50.298,69.676,123.92,175.52,187.53,6931.2
36.351,65.385,114.44,182.99,190.54,5208.6
35.441,56.781,115.51,178.87,209.99,5244.9
37.733,45.861,113.05,162.52,204.55,5265.7
52.384,52.794,109.9,175.95,192.51,7164.2
48.88,63.617,108.26,185.88,191.66,6743.5
55.647,61.527,111.79,176.27,202.63,7806.6
69.56,57.469,133.7,164.1,181.09,10131
48.663,69.1,112,179.93,209.52,6871.6
64.91,50.553,134.68,164.89,192.63,9327.4
47.417,45.114,99.928,163.34,182.7,6184.6
33.646,50.719,104.77,171.3,190.37,4748.8
21.242,87.327,89.9,191.7,216.05,4192.6
39.756,48.375,129.43,183.47,185.01,5563.5
47.075,42.582,135.74,184.69,181.03,6468.9
66.929,41.573,96.301,183.41,210.36,9785.9
47.896,91.625,106.35,168.18,204.29,6663.8
29.828,59.976,117.26,170.52,199.17,4570.4
36.976,80.775,110.02,197.95,188.98,5396.5
39.03,61.162,119.19,170.93,186.48,5382.9
28.212,68.064,94.999,187.12,211,4577.3
56.838,71.056,107.2,185.3,195.99,8010.5
51.715,81.726,119.92,198.14,189.77,7347.5
24.569,60.398,126.21,193.8,210.65,4491.4
28.415,38.981,113.65,187.52,190.98,4421.7
64.37,61.95,94.813,179.72,185.41,9092.7
39.613,54.112,113.55,188.14,197.01,5627.2
50.049,50.131,115.77,183.97,209.14,7059.4
49.494,44.24,128.5,173.53,212.09,6978.3
51.465,39.71,114.4,197.74,185.81,7114.2
48.671,69.683,107.55,161.08,197.14,6591.3
59.578,69.786,106.69,187.14,205.21,8564.6
58.858,73.304,110.2,180.1,208.7,8450.1
43.389,53.513,122.05,169.16,193.41,5945.2
50.809,38.078,126.55,174.35,207.5,7102.9
41.021,48.659,114.18,167.75,181.52,5477.9
42.578,86.192,98.243,165.48,188.82,5744.4
53.546,75.209,109.67,161.1,181.31,7190.2
66.162,45.796,95.444,165.34,196.64,9380.8
52.366,56.566,119.3,179.2,190.89,7232.8
25.737,66.622,111.83,182.75,188.46,4225.9
53.794,81.024,114.14,194.1,201.31,7708.5
65.126,44.636,114.76,171.12,204.51,9402.1
29.661,47.545,105.16,160.5,198.21,4368.5
38.754,67.53,102.69,164.4,194.86,5311.5
48.854,78.48,108.42,170.2,202.41,6766.9
41.37,45.848,102.38,184.03,170.47,5468
47.568,76.774,120.63,180.95,207.74,6779.9
38.519,60.174,114.26,170.13,212.83,5537.1
38.412,60.36,122.46,193.9,196.88,5601.1
61.061,51.257,106.42,174.74,195.97,8584.8
34.408,46.043,107.61,195.48,212.85,5219.3
48.848,76.329,109.13,179.46,197.67,6789.5
49.187,53.7,119.66,154.94,184.91,6519.7
53.847,63.932,110.57,156.84,187.81,7236.4
60.499,62.483,81.523,175.31,212.26,8543.6
63.016,64.455,110.41,166.92,208.19,9050.9
31.488,46.518,104.54,188.15,187.64,4634.7
49.385,53.564,134.3,182.63,183.41,6822.4
60.069,46.736,90.709,183.81,192.32,8348.4
32.704,78.218,95.229,208.18,197.52,5037.8
38.617,90.797,121.36,166.87,211.73,5643.1
41.316,73.314,124.9,175.95,198.72,5867.9
55.535,62.342,123.74,162.51,196.3,7691.1
55.437,74.221,100.43,171.74,202.58,7715.5
50.323,75.921,121.4,157.71,192.82,6854.2
45.525,57.888,98.091,169.41,183.13,6009.6
27.525,55.429,123.35,171.67,216.45,4569.2
47.681,67.978,123.09,161.64,213.56,6689.9
45.901,58.545,111.81,182.75,200.14,6395.4
39.69,79.409,97.099,177.34,181.01,5392.1
48.965,65.491,109.64,186.51,186.41,6724.2
24.754,81.669,154.06,169.8,203.3,4466.3
53.211,74.166,101.13,169.44,203.03,7356.6
36.342,73.991,126.9,196.12,184.85,5346.7
64.145,54.875,98.828,182.87,193.74,9153.1
36.394,68.777,101.69,176.17,200.85,5199.6
43.338,64.957,114.28,171.47,217.26,6172.5
37.849,80.568,107.11,168.41,205.57,5405.2
4.7165,53.846,131.82,181.36,206.41,3528.3
30.778,57.373,105.2,164.26,198.71,4529.1
41.87,47.136,90.168,162.49,182.22,5412.7
36.745,46.591,108.61,170.61,193.29,5093.9
51.632,61.964,107.81,150.95,198.43,6933.2
74.565,70.961,120.39,158.48,203.05,11305
36.394,70.256,92.21,191.74,183.04,5104.9
38.522,82.479,119.23,160.98,219.79,5626.7
33.774,71.507,118.45,206.89,213.44,5383.9
45.369,60.194,73.811,189,178.78,5974.3
41.847,76.177,115.98,179.58,191.52,5852.6
36.304,61.356,122.34,167.41,201.04,5213.7
40.625,53.152,99.001,176.24,204.9,5647
26.311,54.453,119.43,167.13,205.31,4312.3
56.698,50.656,119.86,174.47,203.63,7983.1
31.851,68.158,104.59,179.6,188.93,4680.4
26.987,60.768,100.97,180.53,192.97,4270.7
57.328,66.87,105.35,178.11,202.81,8078
55.528,64.265,72.066,186.21,209.38,7721.8
49.12,56.356,107.29,170.94,204.84,6760.3
41.906,52.925,108.8,166.33,195.59,5688.8
26.095,66.064,102.07,200.17,214.51,4575.3
53.271,53.532,107.18,169.3,212.18,7420.8
64.63,72.802,122.54,199.07,202.29,9627.4
32.553,59.621,113.35,151.35,196.77,4625.4
53.521,63.935,108.23,172.17,214.23,7537.3
52.74,61.808,100.51,210.01,187.14,7403.8
53.211,67.312,107.6,182.49,179.12,7246
44.378,58.895,115.37,191.07,212.2,6393.4
38.051,77.763,92.539,170.87,203.08,5336.3
24.684,38.613,86.805,158.1,192.77,3783.9
68.239,66.028,100.71,183.92,202.9,10073
60.857,53.417,97.165,185.89,164.51,8295.9
47.78,45.906,90.762,191.56,211.37,6670.9
32.535,44.011,90.519,183.19,175.05,4493.1
27.546,68.572,109.82,184.79,189.03,4381
47.621,62.874,133.86,170.3,187.92,6549.6
47.982,63.163,95.47,173.59,199.11,6524.6
63.755,47.685,95.214,149.63,211.04,8949.5
54.483,45.42,98.397,168.43,190.13,7324.7
51.761,65.523,112.38,188.83,183.73,7138
52.693,88.739,116.81,187.97,212.93,7639
63.933,49.096,109.33,165.29,190.99,8993.4
22.594,70.53,113.36,217.55,206.94,4464.5
45.991,35.019,118.94,157.18,200.85,6186.9
54.864,87.22,114.7,156.35,190.96,7513.8
62.9,65.411,114.92,184.25,186.24,8983
38.36,56.237,129.37,175.28,186.17,5377.9
41.947,75.991,115.72,190.95,194.13,5973.8
15.187,52.89,112.34,168.71,213.3,3690.2
25.758,67.156,108.05,141.41,223.99,4227.2
32.375,68.291,121.46,169.26,212.85,4965.2
55.727,52.064,121.55,172.92,175.24,7561.3
53.721,88.261,117.7,170.72,184.28,7400.6
46.815,54.658,98.589,168.27,177.08,6109.2
43.441,67.476,113.7,179.47,185.9,5957
30.399,47.631,107.07,166.56,200.73,4512.8
77.06,51.449,114.85,156.08,193.03,11650
52.838,36.723,124.42,191.12,205.18,7496.5
35.783,81.32,112.98,168.2,181.83,4995.5
41.914,67.404,123.98,167.91,204.54,5910.4
32.249,48.738,126.26,157.29,210.6,4808
61.793,58.073,103.61,158.92,190.66,8549.9
55.917,74.807,109.39,157.59,193.51,7649.7
39.709,55.189,104.2,199.77,201.23,5719.4
39.467,90.203,114.14,203.32,214.93,6005.6
14.898,41.863,87.851,162.76,201.32,3356
49.561,78.38,101.99,189.66,201.06,6967.9
44.735,67.326,125.58,171.82,188.56,6151.6
41.073,82.766,120.54,162.17,204.31,5791.7
33.976,84.138,85.39,155.11,209.68,4835.6
39.018,69.236,104.31,178.08,172.02,5245.1
36.129,65.034,92.14,173.26,195.37,5036
37.803,64.694,111.31,165.6,198.37,5286.1
59.314,75.945,95.839,193.96,205.93,8538.3
68.396,60.632,118.5,204.75,196.24,10279
50.511,85.766,121.95,178.39,225.44,7376.9
55.647,36.37,109.18,166.29,185.48,7480.3
37.289,59.063,127.19,156.12,186.96,5119.6
17.203,84.461,89.484,165.69,222.9,3824
48.641,86.679,111.1,171.8,192.53,6695.7
22.96,62.881,132,188.72,208.27,4358.5
27.662,80.232,128.58,191.76,186.75,4557.5
57.378,88.053,134.96,179.89,195.98,8258.2
29.63,65.671,109.41,182.26,194.36,4572.7
47.959,75.904,121.23,198.49,210.42,6993
55.256,65.24,101.64,179.22,175.65,7470.6
35.708,76.476,103.39,187.64,208.56,5320
51.152,59.967,120.71,177.92,195.98,7107.2
62.068,81.172,145.76,189.5,202.44,9237.1
13.099,49.358,99.393,166.64,208.92,3468.3
50.033,70.229,113.03,174.36,204.34,6984.7
42.427,37.832,98.753,192.52,177.38,5681.5
67.222,59.813,102.94,179.01,194.14,9747.7
61.413,48.8,84.142,185.81,186.18,8512.8
64.483,68.959,107.59,182.29,199.71,9356.6
51.312,68.724,114.62,162.28,205.83,7097.8
43.153,50.403,126.34,201.84,216.01,6389.5
52.076,60.009,114.44,177.04,204.69,7286.3
42.628,51.818,114.8,165.03,192.95,5771
59.704,57.042,115.24,173.03,190.18,8345.7
46.124,62.188,102.09,168.32,217.51,6436.9
54.758,72.673,106.32,172.72,177.71,7408.7
51.776,49.8,125.78,178.34,196.57,7205.1
45.751,67.523,100.69,170.16,211.5,6353.8
17.664,75.24,124.97,181.98,208.66,4000
51.817,77.162,110.97,162.5,194.76,7076.9
60.072,71.08,103.62,193.97,200.6,8646.2
26.59,69.745,126.67,195.97,197.59,4565.3
35.704,46.346,115.12,183.49,209.18,5265.9
40.942,59.76,104.18,177.93,193.13,5634.4
54.671,62.707,101.83,179.42,207.93,7675.1
55.335,83.766,124.1,172.51,202.55,7860.1
53.447,48.682,124.14,168,219.69,7584.6
67.587,59.421,95.282,168.19,194.05,9693.3
54.667,67.299,119.05,195.9,198.28,7815.4
44.708,57.561,103.33,181.17,207.2,6245.3
41.231,62.278,106.99,176.09,190.35,5651.4
42.32,78.176,75.844,170.74,179.1,5517.6
52.865,77.933,126.7,180.88,210.56,7609.3
47.746,80.755,78.092,152.64,191.5,6221.1
51.975,77.561,128.95,152.27,215.18,7311.5
70.048,64.677,93.375,215.34,187.99,10490
53.286,59.467,113.01,200.3,189.67,7497.1
60.231,85.96,121.18,185.36,215.19,8883.7
41.18,61.111,104.74,189.71,210.2,5919.2
57.286,44.239,102.93,166.11,178.39,7670
42.715,60.473,120.82,188.26,186.8,5959
49.054,59.159,116.15,194.16,182.63,6775.4
46.053,70.793,89.288,190.4,203.17,6418.5
77.383,75.078,121.56,196.14,195.06,12153
61.214,62.265,118.91,178.04,195.35,8731
33.043,64.119,112.76,176.69,199.39,4899.3
43.169,71.595,120.96,187.06,198.76,6152.5
39.342,84.94,109.1,170.6,189.22,5458.8
44.39,64.872,106.2,174.92,183.05,5968
37.436,49.453,111.74,187.87,191.67,5309.3
34.368,50.494,118.41,179.14,200.88,5050.2
60.547,44.567,128.97,155.5,212.48,8603.4
49.011,57.247,119.85,187.75,195.85,6858.4
57.351,85.914,125.51,194.23,187.73,8228.3
31.411,40.688,123.87,165.72,187.61,4542.8
30.712,61.218,104.59,178.96,185.42,4518.8
41.961,66.048,132.23,191.94,194.86,6048.2
66.165,77.08,100.43,168.39,195.44,9514.3
64.534,60.596,127.99,174.8,225.98,9639.3
67.214,39.583,122.64,169.51,178.05,9567.8
36.976,79.782,105.04,193.52,203.11,5465.5
53.149,46.906,98.194,172.53,195.65,7203.7
43.412,78.56,101.48,184.42,184.63,5947
31.734,66.87,136.52,187.66,171.81,4737.7
37.254,53.922,95.107,193,199.31,5324.7
25.778,68.125,107.49,162.9,205.22,4216.3
34.184,63.769,101.76,153.42,191.54,4699.6
43.376,69.519,119.63,169.58,201.68,6059.4
40.792,65.605,93.278,183.32,197.54,5658.4
43.805,73.68,96.324,186.18,185.23,5973.2
49.95,61.164,105.26,184.55,212.14,7054.5
52.794,66.714,109.47,152.03,183.43,6999.1
59.821,62.643,108.78,176.09,201.39,8476.4
43.969,73.758,106.22,160.05,206.91,6051.6
66.343,57.46,123.41,173.8,199.12,9687.8
51.196,57.404,118.72,168.88,194.64,7014
49.159,87.583,111.88,163.97,215.03,6926.9
44.507,74.433,106.25,171.52,185.81,6012.1
56.222,69.966,96.969,167.57,205.57,7806.9
34.763,72.363,89.568,186.66,192.87,4983.1
40.701,77.584,101.1,161.75,218.8,5760.6
34.921,71.684,119.29,180.11,204.84,5218.4
38.797,76.217,121.79,180.84,173.32,5368.1
37.888,56.727,128.55,189.4,194.25,5506.1
65.854,66.933,119.87,147.62,191.29,9331.6
36.68,62.777,115.81,177.44,186.47,5162.3
68.396,73.509,117.83,192.5,195.75,10216
45.771,84.04,128.46,156.64,226.31,6590.7
50.364,57.733,108.24,169.61,191.42,6812.2
59.569,88.236,127.67,183.84,210.06,8751.2
34.949,85.062,132.89,158.81,189.58,5029.4
66.303,62.665,107.45,146.8,199.15,9405.4
39.67,57.497,91.791,182.99,236.04,5853.7
39.027,63.416,116.74,167.01,206.57,5534.5
46.525,56.78,110.75,185.17,187.16,6364.5
47.964,65.252,100.85,192.54,182.98,6550.2
55.845,52.679,108.77,190.45,202.88,7905.7
22.104,53.667,99.668,164.21,204.65,3881.6
48.634,46.957,154.79,177.68,174.89,6688.6
43.619,56.377,100.77,164.95,215.82,6046.5
50.722,64.031,109.78,176.75,193.75,6967.9
32.636,40.179,113.31,170.58,187.55,4634.4
42.342,69.688,111.35,185.43,206.9,6057.1
56.141,66.612,101.43,204,221.06,8229.7
30.209,66.628,88.024,191.4,199.87,4632.1
33.363,26.493,82.155,203.65,175.75,4636.6
55.785,54.85,115.8,190.5,207,7979.3
60.736,68.75,105.48,202.83,213.92,8957
29.419,49.193,121.35,180.95,202.45,4634.8
48.982,55.97,115.37,202.23,196.85,6945.9
29.969,33.47,120.94,177.36,203.16,4611.8
46.528,46.77,126.34,202.87,202.84,6699.8
51.361,65.756,118.31,171.9,185.86,7002.1
52.172,61.947,112.68,158.8,210.34,7211.3
48.309,56.955,93.124,182.95,200.33,6621.3
53.58,67.394,131.45,171.81,194.6,7494.5
47.152,83.905,107.41,177.35,202.63,6598.5
45.161,63.14,102.64,165.79,193.77,6074.2
45.642,70.174,93.672,197.03,196.14,6370.2
43.907,80.485,107.3,183.76,191.21,6103
25.486,66.194,107.14,188.45,180.43,4149
58.204,57.751,120.17,184.2,202.37,8318
46.641,53.835,120.65,179.59,217.33,6664.4
40.586,77.517,139.95,170.99,193.2,5785.5
45.036,62.98,102.63,183.19,197.99,6229.3
49.908,59.559,146.13,186.52,207.42,7233.2
53.238,55.583,118.69,160.92,224.86,7538.5
56.643,36.924,116.67,172.05,205.19,7912
46.78,73.28,111.38,165.12,199.19,6412.1
59.114,62.912,104.52,179.08,187.57,8226.4
40.55,58.021,104.71,208.82,226.86,6136.9
32.142,64.289,102.09,202.26,225.92,5200.9
47.496,52.726,108.48,191.7,207.05,6707.9
28.47,67.492,118.89,187.63,186.57,4499.6
37.351,43.746,115.7,181,213.83,5459.5
11.561,60.355,133.61,176.68,196.49,3589.8
44.171,61.226,113.44,177.81,185.72,6014.8
54.041,67.502,117.03,162.37,215.3,7611.3
40.212,68.656,131.08,185.67,176.16,5619.7
46.235,67.242,111.43,162.77,205.5,6362.4
42.109,61.998,124.12,169.92,191.99,5816.3
36.738,67.348,107.87,148.31,190.14,4952.7
51.544,62.792,110.91,206,180.14,7186.4
49.191,46.907,98.032,175.39,183.73,6528.6
45.745,69.894,120.2,197.18,193.27,6499.3
55.735,48.476,121.92,175.63,197.8,7785.6
42.993,61.035,121.82,166.18,206.35,6015.7
51.999,60.216,92.126,179.16,222.33,7337.1
51.203,52.82,98.206,170.09,208.14,7027
59.231,61.566,122.61,201.22,200.31,8626.8
52.128,89.261,86.314,171.83,219.82,7333.6
48.906,75.973,96.055,196.92,212.98,7002.7
58.872,57.806,114.37,175.61,217.46,8476.1
31.202,63.154,89.659,179.82,206.67,4694.1
38.478,59.195,127.52,173.31,184.49,5359.4
38.573,55.833,117.99,173.57,211.71,5565.8
43.938,62.338,116.64,173.91,194.52,6058.5
43.684,81.076,111.35,149.36,184.68,5775.5
47.057,82.565,82.233,163.39,175.11,6082.7
45.63,60.239,122.56,152.14,204.31,6228.6
50.008,83.13,114.69,179.48,211.92,7138.8
46.633,52.751,110.29,174.02,173.08,6147.8
29.48,68.301,108.23,159.81,202.83,4470.1
52.196,76.057,113.67,185.23,214.69,7504.4
16.663,79.19,99.736,178.85,211.46,3829.6
36.677,69.663,117.57,171.7,192.12,5201.5
30.607,78.451,112.2,178.93,194.92,4691
66.367,44.093,93.452,191.85,180.28,9452.5
23.586,74.537,118.82,174.91,189.87,4087.7
33.781,54.68,110.61,183.07,191.75,4907.5
25.151,64.453,101.74,180.13,170.47,3933.9
35.384,70.458,98.736,194.63,208.72,5298.3
35.234,65.555,110.82,158.79,201.23,4990.3
51.28,80.353,124,153.85,206.09,7116.7
60.797,58.072,101,181.3,195.78,8577.9
40.327,59.798,105.44,148.78,184.99,5271.3
51.684,64.364,121.36,147.11,221.2,7204.8
31.918,70.731,107.23,172.79,216.14,4911.4
47.954,62.372,81.628,172.6,182.42,6280.3
41.651,50.537,116.13,172.88,181.94,5612
40.21,68.393,107.36,163.53,205.96,5602.4
51.104,53.98,109.11,169.48,186.95,6871.1
35.128,37.881,116.3,213.24,203.12,5357.4
55.243,82.937,96.09,168.2,173.57,7388.9
55.774,56.307,110.56,147.88,217.81,7731
56.103,57.79,148.49,158.32,182.02,7735.9
55.81,75.701,104.13,171.81,193.3,7713.1
38.434,59.544,108.36,185.16,211.35,5594.7
49.11,65.408,102.24,157.8,196.71,6583
34.063,45.597,127.95,181.45,222.94,5280.6
61.34,54.268,93.803,161.19,189.21,8409.1
25.61,64.886,96.882,158.32,203.06,4082.2
51.529,65.983,123.99,180.73,201.5,7271.7
30.95,47.654,105.61,183.41,200.71,4681.8
51.64,63.959,126.67,157.85,238.6,7470
47.128,52.424,104.35,137.62,210.8,6258.5
51.895,68.402,135.5,186.07,224.1,7647.5
52.662,76.681,129.85,188.35,195.31,7505.6
47.933,56.133,101.81,159.59,195.13,6386.7
47.459,42.615,113.46,178.26,201.26,6542.7
53.084,44.46,91.684,183.71,178.69,7077.8
45.249,68.397,103.5,168.89,220.12,6376.7
30.444,78.415,124.82,160.6,181.25,4476.6
53.989,51.903,116.61,173.64,213.85,7626.2
60.051,65.667,127.9,167.99,212.15,8666.8
23.105,68.815,109.02,181.77,201.6,4147.5
42.056,47.181,103.56,167.47,191.1,5628.2
43.181,61.03,102.45,193.89,191.52,6007.1
28.218,61.554,135.49,150.34,189.01,4289.3
35.876,38.552,103.75,180.34,220.03,5277.1
41.289,61.54,124.91,178.34,203.08,5888.4
40.96,90.522,134.45,160.71,196.11,5788.3
42.603,76.612,104.4,184.7,182.09,5834.7
46.891,69.338,94.521,170.15,211.36,6477.2
73.402,69.669,113.75,194.3,203.45,11293
35.09,62.121,96.771,181.91,206.75,5117.7
38.006,54.353,125.37,147.64,210.58,5330.3
36.591,87.286,119.59,162.83,187.15,5142.2
56.612,47.171,115.14,176.31,183.01,7754.1
54.587,61.443,110.89,175.44,208.72,7683.6
43.138,75.979,95.746,176.03,185,5814
27.384,72.595,136.62,180.82,192.55,4526.5
48.572,62.582,128.04,183.05,201.4,6872.9
60.518,86.013,115.22,167.56,218.2,8794.9
48.244,73.286,124.55,169.48,181.95,6555.1
42.582,85.059,107.2,173.73,187.33,5838.2
58.19,61.733,98.756,174.89,174.66,7882.6
39.5,65.103,110.68,188.59,182.81,5502.5
46.372,70.942,115.77,181.95,203.1,6538.4
47.99,45.831,109.31,175.93,212.01,6686.1
46.594,56.046,110.39,166.68,201.37,6362.3
41.284,65.16,118.99,158.4,195.94,5648.4
33.527,65.17,114.02,172.07,217.73,5092.5
55.924,80.69,123.97,200.05,206.24,8188.6
54.033,59.375,93.285,168.96,204.06,7403.3
57.067,54.026,85.416,182.44,209.86,7988.3
38.721,75.379,108.22,182.29,202,5564
39.508,52.053,102.57,195.31,182.16,5465.7
53.343,59.677,112.11,167.05,211.1,7449.6
42.106,57.789,101.16,175,205.68,5847.2
45.429,84.943,110.78,164.08,185.8,6130.9
48.891,80.441,115.56,179.41,202,6882.4
48.416,53.222,104.68,180.15,224.45,6891.5
58.592,77.757,120.9,157.8,214.17,8357.4
10.556,59.597,119.08,178.57,205.4,3575.5
32.618,49.497,111.25,171.01,183.93,4619
35.255,66.066,84.848,156.29,212.63,4942.7
46.349,96.084,117.07,184.91,189.04,6508.9
65.8,62.274,89.199,155.15,192.05,9207.6
49.678,34.437,101.25,170.64,207.26,6761.9
42.894,44.306,112.55,204.2,194.76,6084
46.951,75.801,97.122,144.21,209.78,6306.7
38.78,88.419,98.307,174.36,179.17,5282.8
37.615,65.5,105.09,191.85,199.72,5447.1
37.927,77.345,85.218,176.65,206.26,5355.9
54.305,73.172,109.61,188.39,198.88,7674
20.591,62.662,101.02,163.83,194.17,3721.7
35.914,61.501,128.67,191.89,219.53,5566.7
37.647,67.696,136.86,183.52,185.93,5434.7
55.718,76.562,106.5,166.72,203.82,7773.5
55.746,70.068,90.664,172.51,180.89,7502.8
29.54,73.926,109.19,177.47,191.12,4521.9
59.588,52.522,87.407,181.35,205.25,8367.5
45.489,93.192,111.57,170.68,200.74,6357.9
40.108,79.069,91.94,161.63,198.04,5451.6
37.977,61.324,111.18,193.57,208.38,5600.8
30.015,50.964,106.7,202.93,189.33,4657.2
39.401,57.782,108.46,144.88,209.22,5372.1
31.984,77.927,126.47,152.16,215.51,4879.5
31.173,46.872,106.34,163.68,175.79,4319.8
53.568,73.652,116.59,170,209.8,7560.7
50.875,54.71,119.23,164.09,181.83,6804.9
46.563,67.819,94.598,197.77,194.21,6478.2
56.807,62.936,84.727,153.25,213.55,7781.5
32.853,94.738,111.25,188.63,194.36,5009.2
36.086,78.589,100.3,151.63,178.34,4792.1
58.034,59.264,117.68,182.16,187.38,8124.8
47.351,74.032,109.63,178.9,197.57,6572.1
57.841,50.378,124.01,163.06,189.7,7976.3
46.74,53.516,117.08,186.5,219.38,6729.4
59.628,73.891,118.78,181.04,200.99,8564.5
56.096,56.823,112.78,202.44,207.75,8117.1
50.416,66.486,134.54,144.79,200.6,6884.3
39.589,51.493,92.94,173.73,196.46,5391.5
40.2,69.082,104.53,175.07,211.4,5727
31.049,69.342,105.47,173.15,205.16,4718.8
49.934,68.143,118.39,182.87,211.17,7121.6
42.121,72.46,133.12,166.44,200.92,5954.5
51.663,88.601,95.147,193.73,201.6,7305.1
37.229,54.155,103.45,160.8,194.75,5079.7
37.235,84.836,126.75,176.08,201.71,5479
51.867,77.912,121.95,141.29,181.97,6864.4
39.19,75.644,124.82,166.4,203.35,5598.2
42.148,68.802,127.2,170.49,225.51,6176.3
39.175,57.973,121.09,169.03,184.87,5370.3
39.03,79.349,109.88,173.03,206.76,5593.7
37.257,83.658,100.32,193.51,216.84,5610.4
14.936,56.279,112.57,194.76,204.12,3802.8
47.764,50.108,114.43,185.46,221.92,6860.7
38.936,56.743,119.59,167.15,207.02,5524.9
47.432,51.38,109.48,181.23,189.3,6454.6
45.305,43.309,107.93,158.47,208.55,6144.6
43.297,80.811,99.871,197.94,194.45,6125.5
36.273,54.39,102.14,174.26,197.46,5099.7
16.839,57.919,106.55,198.63,208.64,3934.6
35.016,55.454,142.73,188.03,211.63,5428.5
56.255,49.903,101.24,176.35,210.58,7888.3
38.863,63.037,117.03,194.18,215.64,5808.2
39.13,61.757,102.37,168.49,195.3,5370.1
39.061,51.231,108.45,159.2,210.69,5436.6
44.347,57.89,134.51,171.4,210.28,6321.4
40.577,57.152,97.639,193.09,197.72,5707
18.989,75.257,106.54,198.92,214.9,4158.7
21.386,74.597,128.94,159.59,217.02,4137.1
43.606,81.998,112.74,160.82,206.62,6068.6
49.792,57.765,107.57,161.26,206.44,6803.4
66.605,52.428,119.25,175.14,189.83,9623.8
50.228,51.049,101.12,172.56,180.84,6657.6
46.367,64.895,127.75,200.5,212.95,6817
45.769,66.206,120.19,177.63,203.19,6435.5
37.002,58.29,126.48,179.72,190.44,5294.7
50.857,68.333,119.39,178.28,185.71,6988.3
24.865,79.087,112.49,157.85,194.05,4066.3
28.713,73.24,127.87,166.63,200.82,4558.7
62.761,72.796,111.68,173.15,206.21,9065.4
44.483,69.741,103.31,173.83,214.69,6267.1
24.833,71.241,99.66,178.94,196.51,4155.2
61.347,62.281,121.79,160.5,195.11,8634.3
37.152,65.257,108.26,156.6,190.68,5060.6
53.327,58.308,125.71,163.71,208.71,7468.1
34.804,68.659,100.05,174.45,208.98,5090.2
41.029,58.163,122.72,185.81,200.02,5863.7
30.194,59.088,114.12,196.66,171.13,4518.8
60.798,71.998,133.7,183.23,194.44,8797.2
61.382,62.81,98.594,190.96,200.8,8802.9
42.51,61.178,99.783,191.01,176.73,5749.9
55.035,71.287,114.83,185.19,176.36,7576.2
55.683,57.14,121.18,145.23,206.19,7646.7
17.959,60.137,122.34,185.89,192.91,3837.8
53.998,55.886,109.6,182.41,207.43,7608.6
37.447,61.188,89.202,174.23,195.35,5155.8
64.027,65.709,117.76,176.99,201.97,9297.7
38.175,70.268,106.1,180.28,219.77,5627.9
53.518,69.758,101.37,193.55,198.25,7530.6
35.523,55.293,124.69,189.21,213.4,5408.6
34.228,54.923,107.44,166.29,192.39,4813.7
35.217,56.933,112.71,178.47,174.88,4875.6
45.326,55.504,112.66,187.51,203.77,6385.4
27.515,56.529,89.156,175.7,185.59,4130.3
47.544,55.572,107.5,159.31,193.97,6349
38.211,79.125,120.06,191.24,208.77,5713.6
62.117,59.38,98.402,193.49,190.78,8848
57.794,68.706,119.05,193.29,190.72,8236.4
24.922,69.935,98.12,153.43,196.26,3953
65.887,47.424,109.25,176.26,182.84,9361.1
52.964,45.015,121.95,167.67,187.42,7182.8
35.127,70.974,110,188.92,193.6,5149.1
47.537,50.733,151.12,194.08,201.15,6898.7
45.288,72.928,117.4,167.83,173.44,6024.5
54.926,53.928,123.46,196.91,186.48,7736.8
59.038,70.857,122.31,183.79,222.23,8693.1
44.958,76.559,118.11,147.25,184.21,5940.6
33.197,79.042,113.76,152.52,196.35,4752.1
41.929,61.966,120.91,162.37,194.57,5743.8
66.663,61.123,140.09,170.32,208.29,9909
49.577,54.083,100.53,191.91,187.12,6775.8
41.847,48.169,122.51,190.95,186.49,5842.7
75.848,60.426,108.35,189.89,177.21,11484
48.919,72.957,114.11,181.06,208.72,6931.7
42.98,64.446,94.594,179,202.85,5943.3
58.326,73.631,100.02,182.79,215.01,8386.2
34.009,76.137,133.37,171.13,205.74,5156.6
47.912,57.834,107.14,168,180.59,6345.3
34.418,43.54,117.59,194.98,194.18,5087.4
37.077,69.072,115.12,164.29,195.69,5206.3
56.282,75.241,117.92,168.42,184.84,7756.9
47.173,70.479,105.74,191.98,209.04,6723.4
44.263,70.219,116,163.97,185.27,5957.9
64.351,68.431,112.25,171.96,184.7,9136.5
52.734,60.573,99.086,200.41,202.62,7463.7
50.492,52.748,119,174.41,203.39,7022.2
53.442,83.069,96.896,162.48,211.79,7425.5
53.494,58.393,107.52,184.6,197.28,7448.4
67.462,72.69,88.37,173.23,195.16,9720.8
59.97,65.318,93.117,173.97,219.19,8576.9
43.781,52.288,115.67,197.58,202.99,6262.4
29.916,76.793,138.46,186.59,212.94,4993.4
38.605,56.51,99.166,169.39,190.66,5241.5
56.787,62.651,125.52,180.16,198.98,8063.8
25.04,51.155,123.19,178.88,199.3,4261.2
49.845,51.689,111.31,167.27,189.61,6700.7
54.522,77.676,120.9,194.57,198.53,7825.9
35.746,63.518,102.73,170.04,202.41,5090
43.234,86.259,100.55,181.95,193.5,6007.2
38.418,59.977,116.02,153.51,200.19,5289.9
37.298,57.241,123.8,197.78,177.02,5320.7
38.22,66.329,112.36,184.33,200.5,5504.9
34.362,67.894,94.886,170.05,213.17,5022
40.087,77.376,120.76,179.11,208.62,5830.4
48.218,72.774,119.38,158.75,205.91,6665
29.554,71.573,124.06,174.21,184.38,4507.6
25.842,73.524,88.546,179.28,192.01,4136.7
43.711,58.792,108.01,197.4,210.56,6301.6
59.356,74.53,108.81,164.77,205.69,8386.6
14.67,85.278,114.97,186.89,206.4,3853.2
40.504,41.53,120.5,155.18,189.66,5410
48.25,62.464,110.46,200.08,193.88,6792.4
59.348,69.25,124.52,177.52,183.63,8343.8
40.857,68.805,108.98,171.03,160.54,5319.7
55.735,59.081,118.09,182.45,204.44,7911.1
61.352,78.263,121.75,149.13,190.08,8549.7
57.184,68.706,101.93,183.13,201.48,8067.1
38.616,68.438,105.64,180.67,210.43,5584.2
44.622,53.822,138.05,167.55,206.5,6298.7
48.266,83.193,105.44,176.82,216.84,6868.3
41.688,51.944,112.42,179.63,207.13,5888.1
66.948,59.722,95.401,175.25,209.85,9772.5
28.585,58.93,87.378,192.56,203.88,4514.1
65.334,78.706,110.79,151.94,199.99,9334.4
41.659,69.357,132.24,223.03,228.77,6575.8
64.103,54.45,95.039,163.73,205.93,9092.4
37.589,82.686,102.85,184.85,191.42,5353
51.527,69.954,105.53,160.76,188.16,6907.8
61.281,68.487,100.34,188.65,186.52,8660.2
37.586,70.682,90.109,162.07,197.37,5130.8
52.193,50.037,88.275,179.08,196.78,7075.1
37.034,69.236,113.43,187.93,195.67,5372.6
19.956,85.932,90.352,175.85,195.43,3800.6
52.101,58.004,104.47,179.65,222.87,7420.6
26.261,52.364,110.39,192.99,211.42,4507.6
31.569,71.535,119.1,168.3,178.8,4561.6
67.47,71.552,111.83,168.36,190.35,9762.4
50.084,48.963,120.83,169.87,214.11,7027.3
49.885,42.424,132.61,161.54,186.31,6718.2
42.916,50.476,115.23,157.66,209.59,5904.5
53.693,54.969,122.79,195.76,187.82,7546.9
46.307,44.926,123.62,199.99,223.96,6826
53.315,57.903,76.059,172.78,208.79,7268.9
41.237,53.529,127.49,164.64,181.85,5568.8
38.484,80.25,123.62,163.95,179.23,5282.1
26.673,89.613,112.94,160.84,210.29,4409.7
52.722,48.676,111.91,169.45,205.26,7283.8
82.489,74.92,122.79,176.88,191.4,13156
33.932,40.104,109.21,152.25,204.8,4758.8
56.848,55.039,106.71,177.16,211.46,8044.3
33.264,67.208,106.14,146.01,175.17,4434.2
22.186,65.38,125.82,162.95,186.03,3878.2
51.926,75.78,107.2,179.07,199.4,7238.3
32.997,61.226,110.57,192.38,205.54,5051.4
43.787,50.61,116.96,157.03,174.09,5685.9
55.77,50.784,118.15,181.97,211.32,7952.8
41.25,71.916,115.5,204.95,210.68,6138.1
39.528,55.828,114.24,185.92,196.41,5603.7
36.028,85.567,111.01,152.64,170.72,4800.7
50.475,59.321,125.29,178.31,202.27,7092.4
58.518,55.24,112.31,180.96,208.96,8358.4
70.541,70.017,102.77,172.77,189.47,10346
56.346,64.922,88.451,182.95,204.39,7872.1
64.358,63.707,109.66,182.48,211.74,9442.8
39.038,42.404,122.45,155.85,200.83,5364.5
54.161,65.719,125.18,172.99,194.33,7552.8
42.989,54.327,125.28,175.9,204.44,6069.6
46.431,89.649,121.38,175.94,222.48,6768.4
45.897,69.001,107.7,178.47,186.65,6245.5
63.873,76.08,121.93,184.97,207.26,9433.1
52.99,55.779,100.08,146.99,206.81,7126.5
43.692,58.085,118.79,219.22,176.98,6206.3
22.394,55.502,107.53,157.85,173.35,3606.3
26.211,79.272,95.8,166.58,181.84,4028.8
62.523,50.195,105.18,146.09,204.32,8695.8
39.541,63.612,148.34,163.62,220.54,5867.8
44.501,85.846,101.55,207.21,179.22,6230.1
60.464,73.6,105,182.69,226.19,8883.2
46.214,79.034,121.75,159.63,184.96,6234
52.663,46.968,103.73,176.02,184.15,7078.3
60.658,67.523,104.01,176.65,192.24,8529.7
47.05,86.502,83.151,152.81,196.86,6221.8
54.114,62.272,118.29,173.76,184.85,7415.3
43.661,76.397,121,178.98,188.17,6068.1
50.218,61.706,102.05,168.1,227.38,7095.1
62.77,72.137,128.1,179.25,183.4,8985.6
35.003,35.957,106.96,185.11,190.88,4960.3
39.144,68.302,103.87,159.16,189.73,5276.1
52.114,50.803,116.99,180.13,212.59,7375.4
47.185,76.978,104.29,188.98,204.05,6667.2
24.812,78.567,109.5,162.56,206.99,4202
51.923,68.396,104.99,184.66,181.69,7080.4
37.8,86.927,106.5,192.5,202.98,5574.8
38.805,60.02,110.93,169.51,218.19,5596.3
34.356,50.19,117.13,181.69,215.86,5200.9
11.863,61.809,115.97,164.07,191.58,3368
55.119,72.238,114.95,156.85,207.28,7667.2
49.063,85.898,120.37,159.1,207.31,6844.3
44.776,63.374,111.81,172.76,193.6,6125.5
35.592,41.649,120.86,150.73,221.8,5140.1
37.723,61.258,105.61,180.71,198.79,5355.4
27.807,33.951,108.17,174.22,218.1,4480.7
40.428,67.657,119.29,157.67,208.59,5669.6
44.164,48.414,109.68,169.69,228.09,6290.4
42.111,72.897,126.45,194.08,179.77,5931.1
37.287,42.114,110.29,187.19,202.92,5363.6
31.93,87.821,103.37,194.63,199.14,4950.2
58.825,74.343,154.15,177.86,190.36,8494.2
62.496,59.98,106.03,172.71,196.25,8851.9
50.844,75.328,96.89,186,187.15,6959.2
34.538,22.896,113.84,187.77,200.01,5017
47.125,63.967,120.48,186.2,203.26,6678
46.048,45.108,119.87,158.46,191.79,6154.8
32.39,71.051,94.492,173.28,205.01,4787.5
59.155,55.391,113.04,167.33,182.89,8123.1
56.328,69.41,122.9,167.63,212.75,8028.9
30.747,68.398,116.28,153.8,209.17,4637.4
66.93,80.191,110.73,179.7,194.66,9804.5
34.214,55.739,116.02,173.26,226.98,5237.6
51.587,69.369,108.25,175.11,186.99,7027.7
62.48,50.716,106.27,167.58,219.74,9003.4
57.47,60.813,110.85,181.31,192.52,8040.6
35.934,75.154,117.5,181.96,215.34,5435.3
31.804,71.764,126.33,195.05,201.15,5035.3
44.757,73.726,101.34,146.26,204.55,5999.2
40.646,60.436,108.98,178.33,205.35,5744.9
32.622,59.88,99.628,177.18,185.16,4646.9
31.459,58.205,111.43,163.73,196.83,4604.5
39.787,73.723,119.87,192.22,178.16,5594.5
27.481,89.585,103.07,177.25,207.19,4515.7
44.889,44.783,110.36,169.7,224.37,6341.4
67.234,68.516,103.42,177.42,202.16,9841.9
31.94,76.194,109.06,157.66,186.09,4543.2
60.469,63.054,130.06,170.12,200.14,8647
18.812,67.612,88.987,162.4,203.71,3649.5
67.368,62.056,111.25,191.64,201.16,9989.2
44.666,62.157,102.06,182,195.78,6146.2
47.493,84.299,99.961,168.88,204.73,6561.6
51.392,67.363,134.4,163.87,195.98,7131.4
38.234,53.473,106.31,200.62,189.18,5453.2
51.527,47.628,100.01,187.7,191.84,7050.4
41.809,56.508,125.84,153.07,201.93,5737.5
37.265,70.448,90.15,199.41,193.73,5345.6
72.429,55.384,98.959,179.99,186.04,10694
49.892,69.843,116.77,177.37,198.48,6951.3
36.153,55.513,132.29,148.71,186.29,4953
49.974,69.915,104.75,179.77,195.41,6888.4
57.992,69.338,104.66,146.7,204.41,7968.3
72.66,70.562,107.39,197.37,200.79,11104
68.343,67.731,120.08,197.54,209.11,10364
77.951,48.201,94.927,191.8,192.71,12001
46.661,76.763,115.04,175.12,204.71,6553.8
32.93,63.486,127.52,180.52,233.92,5318.4
61.683,86.783,114.16,160.14,190.35,8679.5
65.654,51.136,122.86,184.05,186.2,9491.7
58.597,48.42,113.62,164.61,202.63,8174.6
44.421,44.943,125.12,190.26,204.58,6331.6
41.708,39.563,99.997,179.98,200.71,5729.3
45.408,66.033,126.39,188.54,177.88,6266.7
46.007,37.846,137.3,196.56,215.4,6731.6
49.837,73.565,106.66,189.16,194.2,6950
25.592,75.87,132.27,183.5,164.26,4131.6
58.249,93.869,84.469,196.41,213.15,8437.1
33.369,56.09,81.141,208.13,184.06,4832.6
46.291,59.284,115.05,177,180.81,6242.1
45.865,64.116,106.37,179.91,189.4,6256.1
30.356,59.681,102.75,159.21,208.31,4537.2
41.704,70.495,106.74,181.53,207.2,5930.6
46.692,48.171,107.36,162.85,205.36,6343.6
40.586,54.716,118.9,188.06,183.93,5647.1
45.693,70.987,110.28,200.16,195.56,6486.8
53.779,48.396,102.22,181.78,207.56,7508.9
49.786,92.287,104.72,168.74,212.46,7004.3
35.314,92.868,104.03,172.11,213.69,5262.4
35.793,76.267,121.56,162.14,209.87,5243.7
50.401,56.894,103.09,176.33,202.2,6939.7
35.242,68.206,109.68,165.19,185.84,4897.5
38.656,53.662,125.19,161.33,200.77,5411.5
52.721,51.535,116.06,169.81,187.59,7151.9
27.013,51.784,133.54,155.7,190.57,4208.7
30.981,73.986,99.365,170.32,208.42,4703.1
58.05,49.926,108.79,180.99,198.91,8150.9
70.216,80.91,128.58,149.43,194.48,10321
42.858,50.006,101.02,185.5,180.92,5763
61.154,85.69,111.45,199.41,219.9,9143.5
46.989,58.914,122.33,167.46,196.76,6450.8
61.546,50.994,102.23,187.47,175.2,8549.5
58.043,62.87,109.36,174.08,194.01,8093.5
45.244,58.104,101.04,189.18,199,6288.3
51.897,71.438,109.03,171.42,204.64,7221.6
42.032,70.836,97.144,176.46,200.59,5819.4
63.866,86.79,108.34,167.36,185.48,9053.3
38.503,64.14,95.104,169.89,206.2,5380.7
64.456,76.848,103.04,150.14,193.88,9051.9
50.499,64.757,103.43,168.77,204.79,6946.2
63.937,72.239,82.854,165.17,185.06,8865.5
34.188,82.089,115.99,176.39,197.5,5061.9
21.313,60.284,103.36,173.96,188.71,3796.7
54.557,59.866,114.54,183.59,199.47,7669
46.362,75.947,123.34,159.67,182.54,6230.6
63.602,60.507,113.45,179.07,195.89,9139.6
47.669,59.021,125.27,183.48,189.21,6610.8
54.576,47.086,96.148,160.49,196.37,7330.4
52.445,76.114,103.83,165.63,201.31,7215.1
54.273,49.334,105.91,177.14,193.28,7439.5
42.899,57.325,132.52,152.48,200.37,5890.1
69.057,59.564,113.94,149.86,177.98,9793.7
26.84,84.438,121.3,169.3,202.43,4442.5
70.66,52.878,117.48,186.64,183.14,10444
30.064,68.586,119.16,157.53,212.98,4657.4
40.457,40.256,114.21,192.87,195.61,5709.4
64.206,73.848,93.668,165.1,198.46,9102.8
61.472,70.729,93.143,193.98,201.55,8843.4
57.212,56.506,98.139,163.44,213.15,7974.3
19.638,64.412,103.74,170.25,191.6,3711
42.352,67.256,101.97,163.88,179.72,5582.3
32.017,81.517,105.43,155.5,187.55,4544.2
49.935,62.646,112.15,171.51,216.3,7033.4
36.714,53.725,87.207,174.07,194.68,5036.8
52.979,56.885,96.192,150.47,236.05,7407.7
50.92,90.683,116.61,157.08,211.96,7134.6
40.508,79.884,124.64,184.74,203.61,5903.6
43.318,87.931,109.56,160.22,182.64,5804.1
47.847,53.466,90.369,171.7,207.36,6512.2
58.479,63.075,101.81,169.63,179.81,7959.9
48.819,54.097,103.01,169.91,195.49,6592.7
50.786,63.43,127.1,171.03,206.15,7140.8
31.366,48.5,86.453,169.13,198.31,4488.1
42.633,68.689,114.85,162.22,219.94,6054
59.901,73.279,106.38,194.83,207.84,8712.3
61.038,54.396,127,173.57,189.76,8633.3
32.856,54.728,90.41,168.19,186.59,4549.2
57.607,83.879,104.41,174.29,186.93,7992.7
59.426,46.379,129.09,184.47,174.28,8277.9
38.838,58.816,118.09,192.16,198.16,5619.3
38.533,30.451,103.34,190.56,189.47,5327.3
53.595,69.036,91.332,172.98,209.98,7440
52.218,72.389,111.93,163.97,205.18,7236.7
48.37,60.441,91.292,176.39,187.95,6464.6
66.971,70.04,134.74,177.46,195.35,9899.7
38.355,56.632,106.14,194.23,184.08,5378.7
55.32,62.691,130.65,158.38,203.07,7726.7
32.656,57.222,110.86,169.64,203.78,4819.3
46.173,68.312,92.401,171.5,192.26,6197.7
45.524,63.255,121.8,177.65,214.78,6511.7
60.975,45.739,96.206,165.49,201.31,8478
30.282,67.153,116.34,174.16,193.59,4601.8
67.405,60.506,120.44,169.03,214.72,9996
21.186,57.478,111.32,150.22,239.16,4115.1
43.11,92.87,119.75,174.72,179.84,5931.6
39.076,67.22,84.959,168.7,206.63,5394.7
56.143,62.508,95.494,158.75,199.7,7641.7
47.962,87.294,117.16,176.57,200.43,6745.5
42.683,55.949,123.48,173.74,202.37,5991.1
50.295,52.73,98.062,168.99,170.83,6535.1
53.642,74.399,128.58,155.39,214.21,7568.7
26.732,55.677,108.42,154.03,205.88,4194.8
46.013,62.954,91.925,182.46,193.62,6253.9
64.921,82.089,109.61,178.49,214.45,9598
63.149,65.438,141.54,186.91,215.95,9469.3
39.975,45.516,125.29,184.03,208.33,5780.5
35.295,56.174,125.58,170.76,219.09,5305.6
35.788,89.372,88.772,144.45,201.77,4896.7
69.626,77.441,125.76,173.2,201.58,10423
49.748,48.079,132.31,171.15,205.09,6963
41.452,88.191,131.12,185.42,193.94,5989.5
29.383,68.017,125.99,174.33,180.13,4453.9
72.178,47.856,131.96,186,202.39,10994
47.454,69.397,105.86,182.91,206.1,6662.5
57.851,50.197,114.36,174.37,223.97,8332.7
23.074,72.628,103.82,162.42,216.06,4117.5
58.292,75.549,139.86,184.9,183.38,8319.3
45.678,50.829,115.58,174.9,206.24,6360.4
56.173,85.141,104.13,184.79,184.5,7816.5
59.619,76.704,101.46,176.12,223.62,8653.1
27.281,68.206,98.381,164.84,210.2,4344.3
52.894,77.541,129.4,159.44,188.78,7260
33.443,66.233,130.76,177.65,194.4,5001.1
47.775,46.59,100.95,176.89,184.79,6366.3
29.957,92.787,119.56,163.88,186.95,4527.6
40.881,53.15,96.008,197.51,207.45,5846.7
47.886,67.109,98.605,167.46,201.02,6511.2
34.362,77.935,92.777,184.69,191.46,4948.8
62.335,70.338,101.37,174.66,200.47,8883.5
56.75,54.933,119.25,171.6,208.64,8026.3
58.385,88.946,99.837,168.23,224.49,8419.3
36.3,64.105,108.5,190.42,205.31,5362.3
13.484,80.878,92.588,177.83,203.37,3574.5
52.395,82.999,88.832,183.86,207.96,7349
68.354,57.221,100.11,167.75,194.57,9864.7
59.906,62.654,104.82,175.45,189.53,8353.9
45.078,76.094,101.73,163.63,208.02,6214.7
41.494,68.334,130.02,179.76,178.89,5744.9
20.11,50.407,114.16,165.14,185.93,3659.7
45.942,66.055,135.46,178.1,195.13,6467.9
44.39,34.212,108.23,166.35,198.09,5962.3
56.701,67.807,85.357,158.46,161.62,7335.2
39.007,43.986,103.77,163.31,189.3,5214.5
58.684,84.279,135.16,203.69,185.52,8549.6
41.838,93.617,116.15,150.08,198.77,5748.6
35.168,86.373,131.23,182.43,181.93,5154.6
59.52,72.963,102.95,167.16,210.16,8438.6
29.286,43.204,95.212,172.28,205.54,4428.6
19.609,64.06,94.947,183.48,201.77,3857
48.755,76.241,111.82,162.48,206.93,6748
65.07,57.272,90.29,169.77,231.88,9544.8
41.858,50.771,102.44,165.94,186.27,5552.1
50.606,74.213,94.942,161.86,217.78,7014
57.094,61.676,100.15,173.87,202.69,7962.5
53.909,47.536,130.54,168.01,218.75,7678.1
53.042,64.178,106.47,168.26,174.09,7049.2
30.393,75.225,126.96,175.39,191.65,4683.9
52.326,75.877,93.384,187.16,200.74,7298.9
46.419,64.89,107.6,173.36,209.83,6480.3
50.126,79.837,112.94,157.98,206.98,6926.8
38.951,48.585,106.46,190.44,181.74,5371.9
53.837,58.808,106.68,165.73,193.82,7322.4
59.988,59.004,109.7,159.86,185.65,8228.4
43.187,70.62,111.81,167.13,196.23,5927.4
57.15,61.373,130.63,164.33,180.27,7851.4
49.662,58.886,110.11,177.36,219.73,7048.6
32.194,67.48,124.67,166.15,198.53,4805.1
61.479,51.261,116.16,170.22,202.91,8741.5
55.308,90.365,91.149,179.17,196.06,7689.2
42.328,59.07,94.501,176.23,205.86,5853.5
43.773,97.555,90.146,177.21,217.91,6245.8
29.585,43.785,113.08,167.84,188.96,4362.4
28.963,70.709,92.697,173.75,180.25,4245.1
44.367,51.965,127.29,174.38,210.88,6295.7
34.785,73.939,133.93,150.39,194.7,4968.9
46.618,50.092,138.42,174.03,223.01,6756.2
33.07,61.037,104.35,145.02,188.7,4506.7
40.61,65.288,91.177,177.38,207.67,5674.5
50.29,64.251,116.38,183.8,193.51,6992.3
48.443,79.286,93.607,188.61,204.16,6788.7
71.06,70.713,116.26,168.31,222.58,10803
37.875,56.189,107.39,176.64,184.77,5204
47.849,59.22,134.24,171.21,194.67,6642.1
60.766,59.263,121.93,176.37,181.81,8519.8
39.548,63.74,116.93,200.48,202.71,5814.1
58.789,53.301,98.141,168.95,200.39,8151
50.014,49.072,104.49,204.67,206.05,7119
57.793,46.7,110.32,155.84,198,7906.6
48.414,82.718,107.36,187.2,187.58,6702.6
26.612,81.561,118.43,188.63,202.99,4553.2
26.691,72.626,111.48,179.2,200.47,4399.9
30.927,74.562,102.72,174.48,184.03,4521.1
35.944,30.58,116.87,172.1,204.52,5122.4
31.554,57.196,99.016,167.9,198.39,4590
47.802,66.537,130.78,190.83,199.35,6832.2
46.077,67.854,113.49,188.93,216.86,6659.4
50.497,71.986,108.51,148.59,200.5,6801.1
20.434,58.245,137.59,190.26,181.94,3981.3
40.353,62.164,97.061,176.62,201.6,5603.9
37.907,59.706,117.39,185.01,200.11,5479
41.01,75.351,108.48,177.16,207.51,5841.2
53.461,73.499,107.78,198.43,198.22,7604.3
44.252,63.511,97.936,172.34,205.59,6093.6
58.523,44.024,109.63,158.37,168.76,7762.9
63.051,76.525,109.75,199.14,198.98,9248.8
52.393,71.667,106.12,153.67,207.19,7170.3
45.038,46.978,102.97,180.68,183.54,6028.9
35.663,66.38,113.93,167.17,197.17,5079.1
54.009,46.589,113.85,178.53,191.2,7423.5
41.179,60.331,107.69,168.26,205.05,5721.3
54.803,53.511,119.79,155.59,195.92,7470.5
50.112,50.236,123.83,167.36,181.08,6722.7
65.554,72.548,122.9,223.01,179.58,9771.6
54.325,64.561,127.91,194.04,215.34,7946.4
50.856,48.825,100.84,181.03,212.35,7100.6
69.225,36.775,96.398,174.65,217.38,10222
32.564,74.67,109.6,199.74,205.79,5104.1
41.634,61.753,123.3,188.21,202.66,5992.8
68.988,56.355,137.07,164.96,193.48,10154
66.124,64.291,104.51,178.52,189.88,9514.7
60.377,50.566,95.921,177.36,204.35,8505
45.297,67.772,104.52,178.6,190.03,6178.4
77.191,60.929,101.12,179.76,207.05,11946
58.856,70.752,139.35,172.1,224.78,8687.8
63.424,74.367,100.31,169.96,199.53,9042.9
57.917,66.506,117.4,171.18,202.42,8182.8
34.49,59.478,128.12,182.2,174.93,4921.6
53.436,56.594,109.48,193.46,214.29,7671.2
31.629,79.769,78.7,179.34,206.52,4719.1
26.706,87.12,117.68,157.71,180.1,4123.6
42.012,88.862,111.63,163.76,184.84,5704.7
33.009,53.793,122.86,182.72,187.26,4851.5
38.967,69.484,109.36,158.92,195.48,5341.1
43.249,63.969,125.7,205.71,209.44,6406.8
55.493,77.902,92.91,187.41,195.79,7750.8
48.065,43.912,132.44,175.59,194.04,6643.7
46.764,78.488,121.39,191.41,214.42,6821.8
48.453,61.937,122.97,171.87,194.71,6679.3
55.275,72.319,116.11,172.62,189.44,7651.3
43.713,74.189,75.832,155.96,216.14,5913.2
40.275,54.257,124.62,156.02,189.64,5449.9
48.938,57.346,116.23,182.09,191.98,6749.7
18.658,56.696,88.567,166.67,181.91,3434.4
47.273,70.26,109.07,175.62,208.6,6625.7
37.91,78.878,105.52,181.38,197.94,5425.5
37.989,63.007,117.28,170.72,185.01,5247.1
46.906,62.964,104.63,165.05,199.25,6362
52.475,100.6,125.43,203.99,196.27,7653.5
48.284,71.368,100.66,159.39,180.99,6341.2
29.628,57.708,103.98,183.55,197.55,4559.1
30.324,46.355,115.86,156.23,198.96,4454.3
58.025,52.546,124.52,182.43,192.95,8194
41.198,79.416,107.15,152.9,172.21,5353.6
52.565,65.671,101.21,172.58,195.88,7189.9
57.667,78.146,109.77,163.59,201.54,8069.5
66.891,64.127,109.75,174.68,181.31,9580.1
46.361,68.48,73.21,154.88,203.15,6096.2
43.545,61.493,112.21,160.99,200.25,5937.9
55.633,48.359,116.22,167.36,207.1,7762.6
54.933,80.124,119.63,173.45,206.75,7807.8
50.983,62.988,123.09,188.59,187.38,7104.7
48.587,64.133,133.38,161.68,191.66,6654.3
21.509,41.267,141.61,177.85,216.64,4247.5
38.861,64.779,95.831,146.71,225.23,5428.6
47.622,54.044,110.29,198.33,200.3,6726.1
67.595,61.2,101.1,195.18,173.05,9740.1
56.641,82.839,110.43,186.71,222.65,8291.5
42.689,65.357,112.37,168.6,231.15,6191.3
43.97,83.141,110.5,173.98,203.75,6179
54.385,51.678,125.81,183.64,197.41,7658.8
54.453,58.669,120.61,155.21,201.5,7484.8
48.035,72.375,131.23,171.3,211.37,6848.4
42.938,59.377,107.21,179.48,179.09,5771.5
40.574,58.059,86.254,192.07,191.47,5582.1
39.577,86.653,115.01,172.36,191.48,5557
66.893,48.345,108.37,177.92,188.74,9619.8
48.707,53.563,115.7,174.83,209.27,6809.7
47.176,51.32,109.45,173.58,217.38,6624
50.768,61.526,103.48,177.5,183.88,6846.6
19.795,73.618,110.33,202.64,224.63,4338.6
60.784,58.169,109.09,190.94,211.92,8843.7
34.514,65.248,112.77,163.06,213.84,5078
22.347,48.331,109.96,177.36,183.56,3838.7
59.659,61.028,99.607,177.18,192.29,8317.5
21.208,37.758,114,168.27,179.99,3654.4
54.569,69.292,99.401,190.85,190.81,7592.3
44.79,60.469,115.77,192.24,203.12,6377.2
49.511,65.923,101.26,172.68,183.3,6623.9
58.766,61.482,95.011,185.53,202.8,8303.6
53.291,65.913,97.936,155.93,193.2,7132.2
56.809,49.15,117.07,186.09,203.41,8068.2
59.772,71.491,110.1,161.06,169.53,8089
44.852,48.99,116.73,192.74,196.83,6300.6
30.529,41.869,110.93,172.27,209.75,4655.4
41.873,73.795,116.54,192.54,207.19,6097
31.33,67.715,86.994,163.41,191.54,4438.6
35.014,68.08,96.178,204.43,207.93,5307.1
57.395,79.389,72.733,169.84,199.43,7857.6
53.792,88.562,116.01,177.69,216.02,7753.8
49.436,61.195,98.709,153.72,191.79,6520.6
38.299,57.764,111.81,190.52,190.09,5434.3
27.601,63.053,100.61,197.69,213.04,4642.5
79.704,51.875,119.46,182.2,191.88,12462
58.603,61.524,99.239,179.64,187.89,8114.3
36.747,62.184,111.02,166.61,179.44,4993.7
50.501,82.61,115.13,163.31,210.69,7076.6
42.199,84.148,115.51,158,191.87,5756
64.352,80.166,103.32,179.12,193.69,9262.7
27.635,42.965,136.18,179.31,207.42,4582.8
33.47,80.489,107.89,164.52,178.7,4677.3
38.731,63.997,126.58,169.28,179.89,5323.2
53.646,59.687,111.56,186.82,198.14,7522.3
51.21,61.39,124.36,171.21,161.74,6767.7
45.165,60.26,135.11,198.76,193.46,6487.8
68.061,77.062,123.03,177.52,194.1,10059
41.263,69.684,118.35,181.07,206.32,5925.8
34.157,49.094,104.52,165.66,208.25,4917.2
35.347,71.603,133.31,164.61,206.59,5235
45.305,59.784,123.53,176.26,197.98,6313.9
58.897,62.043,100.89,182.01,217.93,8474
48.973,59.171,82.793,201.34,220.86,6998.1
59.463,78.653,100.95,179.2,199.04,8422.7
61.199,59.811,120.42,179.49,219.77,8968.9
55.481,76.633,122.43,174.45,215.41,7988.3
67.005,57.073,123.02,165.86,185.44,9623.6
40.472,73.581,130.89,176.16,192.67,5746
53.426,59.267,110.5,180.87,212.16,7567.5
53.041,53.869,129.4,178.42,208.87,7543.9
40.647,59.967,91.125,174,227.79,5825.2
50.643,93.933,116.76,176.31,191.71,7061.1
54.993,61.963,94.571,181.72,225.53,7867.3
48.619,62.443,121.14,143.35,195.19,6482
19.977,30.008,120.51,176.23,200.38,3844.3
43.485,70.667,115.74,188.33,203.58,6216.1
44.019,74.594,120.41,177.29,204.81,6247.8
60.603,70.911,102.92,178.42,203.22,8640.6
71.059,70.329,131.39,155.03,193.98,10513
42.857,74.39,109.96,170.68,215.3,6093.7
62.603,54.894,120.16,177.31,205.25,9050.9
32.052,57.538,103.34,163.11,211.47,4746
50.82,78.899,112.91,200.56,193.6,7223.4
52.913,87.155,86.228,202.41,208.08,7568.3
28.147,81.674,116.84,172.54,202.06,4535.2
60.527,51.656,118.16,162.24,227.88,8758.9
54.255,64.424,111.45,173.13,208.33,7622.2
57.708,76.032,133.65,160.07,195.44,8113.9
47.443,47.836,120,171.19,187.87,6412
65.743,54.437,81.176,181.83,206.61,9469.5
38.856,51.109,130.41,151.23,181.07,5192.8
13.939,66.238,104.1,178.23,195.96,3543.8
46.689,53.261,126.77,173.48,207.8,6566.1
29.893,73.824,104.12,201.13,185.64,4653.3
25.819,50.967,102.46,180.05,202.96,4250.1
55.939,50.092,105.7,182.51,203.79,7844.9
44.437,78.431,94.443,156.45,212.58,6088
26.192,47.596,118.85,179.77,197.86,4305.8
65.609,57.236,115.91,222.61,182.46,9722.4
53.034,73.004,99.356,180.93,190.01,7282
51.925,68.906,98.741,198.18,178.38,7120.6
47.385,54.027,125.3,182.19,197.5,6624.9
52.44,57.918,98.767,183.79,192.42,7187.3
46.494,68.298,93.27,194.44,189.64,6395.2
27.201,67.231,103.47,189.44,218.68,4628.8
41.06,79.123,111.63,158.62,195.46,5621.6
26.628,88.615,105.08,164.9,199.1,4287.2
43.345,76.062,111.33,151.33,226.68,6126.2
74.518,82.313,92.354,165.01,202.67,11224
23.858,50.655,105.51,181.73,204.04,4147.8
56.234,75.461,102.6,156.01,195.88,7676.7
63.187,60.832,125.74,159.87,213.35,9147.8
55.62,79.946,118.73,193.23,193.86,7941.7
33.927,78.298,134.83,167.17,194.05,5023.3
35.86,62.145,131.63,157.64,199.51,5130.9
37.57,54.265,107.8,172.51,199.46,5273.4
34.493,56.565,114.93,185.73,209.7,5194.9
57.372,72.442,109.11,158.72,214.33,8082.6
48.332,60.155,105.47,176.4,208.65,6728.4
69.949,81.535,113.79,176.84,199.44,10444
51.263,57.438,112.39,168.86,191.73,6962.8
37.8,74.12,119.96,173.88,213.62,5566.3
46.013,67.148,119.51,170.01,190.12,6286.8
60.758,63.959,116.17,188.05,190.49,8671.8
37.641,66.783,105.5,158.82,211.8,5317.8
40.03,78.039,96.909,172.99,200.72,5577.6
38.418,78.496,103.54,147.69,212.14,5346.4
15.652,52.423,102.54,177.01,192.02,3520.8
56.652,64.221,100.87,182.21,192.56,7869.9
46.635,63.001,106.79,205.64,187.68,6537.3
44.742,65.102,122.77,173.66,210.7,6352
30.651,86.069,115.12,174.33,179.97,4558.4
29.799,56.847,80.472,175.28,185.21,4266.9
61.4,88.043,103.43,178.78,195.17,8762.6
26.892,72.048,98.191,146.13,202.07,4105.9
39.742,59.203,90.859,179.07,193.93,5438
39.081,54.852,119.03,196.58,176.6,5471.3
51.974,61.455,108.58,186.53,199.07,7263.5
41.419,78.596,108.03,172.88,226.57,6043.3
35.725,58.655,124.5,191.35,193.24,5265.8
30.332,77.83,116.63,183.21,192.53,4698.9
60.674,53.754,117.21,173.45,189.17,8508.5
62.936,73.862,129.28,182.94,216.4,9364.3
53.718,61.281,104.89,184.16,208.99,7584
57.513,48.011,98.934,197.08,203.92,8172.1
50.68,67.042,129.1,192.24,208.31,7328.4
48.219,58.43,107.9,165.34,176.83,6338.3
62.676,68.469,99.531,173.78,222.63,9130.4
47.999,106.08,117.51,185.52,216.1,7024
58.705,66.252,117.06,149.05,200.61,8127.7
56.838,61.221,105.65,153.97,207.5,7842.1
43.385,86.464,112.3,174.3,172.65,5836.2
37.364,68.504,98.856,181.15,207.71,5389
37.783,72.892,132.05,181.79,195.33,5514.3
34.715,73.417,101.14,168.75,194.93,4926.4
54.343,43.76,118.04,186.22,191.97,7555.3
33.061,73.209,87.864,167.61,208.03,4807.1
41.019,66.885,125.52,178.64,202.5,5872.5
42.929,84.541,129.86,159.97,190.53,5926.1
48.489,64.568,143.81,185.23,188.39,6846.3
24.637,77.629,114.17,188.43,190.32,4252.3
36.81,75.262,104.65,177.31,191.23,5197.5
65.344,65.854,102.12,178,184.21,9301.6
54.635,75.47,116.78,170.88,227.26,7903.9
49.006,53.1,98.119,183.68,202.8,6763.1
19.402,66.374,128.64,192.79,226.55,4335.7
58.6,66.568,118.92,203.58,211.23,8635
37.918,39.94,104.91,189.61,170.33,5109.8
25.358,53.384,119.58,189.84,212.18,4475.8
50.879,44.185,134.56,189.38,211.78,7328.7
53.922,72.707,116.47,189.54,195.18,7623.7
56.298,85.71,92.87,170.3,193.45,7751.9
30.506,58.872,107.54,175.46,201.2,4630.5
80.501,82.916,111.72,171.62,211.05,12797
27.06,50.226,102.87,182.34,200.66,4340.5
48.092,57.671,101.07,160.88,181.95,6295.8
61.514,81.825,124.99,167.14,204.29,8876.4
33.185,60.899,104.64,173.42,181.56,4668
41.108,63.251,100.41,195.05,178.21,5634.9
22.885,84.53,117.4,167.26,199.57,4095.8
49.243,69.256,114.69,176.8,204.59,6898.4
33.568,54.436,115.09,179.94,199.74,4961.2
68.572,77.646,123.43,186.43,183.34,10131
62.759,53.943,114.25,175.02,180,8790.6
32.128,70.335,121.91,188.49,216.83,5134.1
60.753,59.547,104.19,207.34,196.59,8797.3
30.495,36.639,119.23,190.67,207.84,4803.2
45.41,55.216,109.69,189.22,218.55,6531
56.355,75.991,109.99,176.85,192.37,7863.1
45.358,70.115,134.59,184.18,219.44,6672.3
37.952,74.292,128.21,186.52,209.84,5688.3
47.639,41.781,114.29,162.57,200.11,6439.3
54.466,54.329,122.98,183.2,186.69,7560.5
56.38,55.625,85.831,170.1,200.87,7704.9
41.578,64.82,128.2,173.81,197.73,5865.8
43.249,49.901,110.41,186.73,194.62,5999.4
36.197,58.372,120.09,175.2,206.58,5292.5
41.066,59.332,112.7,179.34,200.32,5771.6
33.481,67.504,109.31,165.46,214.78,4992
27.772,52.821,124.63,183.9,199.74,4524.5
45.716,75.067,132.44,174.22,213.34,6590
50.505,45.209,108.52,171.58,189.06,6789.4
44.593,64.844,126.35,166,204.06,6230.8
28.826,73.487,112.6,167.02,189.35,4382.7
62.508,78.807,127.52,169.94,207.7,9112.1
44.702,71.482,121.56,203.23,199.2,6476.8
43.459,50.204,107.85,185.1,192.59,5981.4
48.233,31.031,89.539,181.65,216.99,6659.7
37.44,68.763,81.958,155.03,208.29,5114.2
52.48,89.649,133.45,162.94,189.78,7291.2
53.793,64.907,117.13,181.41,201.03,7576.6
51.801,71.447,121.99,162.23,193.5,7102.3
56.544,75.406,120.99,159.54,207.89,7964.9
44.661,66.711,120.71,181.7,190.99,6212
63.835,46.256,98.674,173.93,207.19,9127.1
21.928,32.256,131.6,171.86,187.55,3875.1
67.17,88.784,121.93,186.93,205.57,10094
53.437,59.924,111.2,174.44,201.25,7423.8
52.047,64.485,100.47,172.4,195.36,7097.9
35.386,62.01,105.26,163.28,217.32,5150.3
47.206,40.012,115.19,175.11,204.43,6515.2
55.718,49.511,137.53,182.4,183.28,7785.1
36.63,61.408,125.92,194.76,201.73,5481.8
51.564,50.578,115.54,142.8,201.01,6892.3
63.217,49.425,110.01,165.44,202.23,8972.9
44.185,54.969,138.57,169.65,173.13,5952.3
41.602,52.239,99.92,194.86,176.94,5644.9
38.861,54.526,76.787,190.33,223.81,5614
48.75,54.646,122.46,178.49,197.61,6773.9
58.924,37.272,121.99,192.73,207.76,8503.2
65.397,65.719,126.95,170.1,196.43,9498.6
65.357,67.782,111.43,181.44,198.94,9523.6
52.324,46.248,94.344,134.5,214.24,6940.5
45.626,64.887,95.725,172.47,209.76,6304.1
91.16,66.103,115.55,181.38,191.17,15296
48.945,52.971,112.53,166.14,180.27,6486.9
39.641,93.12,132.06,178.69,187.69,5687.7
23.406,57.73,109.83,169.33,206.57,4090.7
64.942,71.366,122.7,180.88,179.44,9330
49.388,68.819,89.45,176.97,211.02,6844.2
17.539,60.949,112.01,185.28,223.76,4047.8
47.171,63.549,111.94,188.81,168.38,6330.5
35.788,78.909,116.85,182.78,210.79,5391.6
44.948,35.487,138.25,169.02,183.43,6081.8
37.599,66.971,107.92,179.38,200.66,5378.9
47.103,78.867,112.27,190.62,194.85,6630.8
41.198,64.142,118.05,180.26,206.5,5895.3
39.444,87.554,124.73,155.95,184.45,5405.8
21.312,58.501,96.457,168.92,223.36,4040.5
52.431,74.938,101.35,187.2,214.11,7480.2
37.211,58.315,105.15,187.53,187.87,5238.3
48.308,60.938,137.34,178.58,206.92,6898.4
28.804,78.131,101.1,177.92,180.23,4330.7
40.877,52.037,98.411,172.96,199.59,5595.4
65.706,47.127,88.445,161.26,189.28,9160.6
46.356,57.758,154.69,175.21,204.59,6667.6
38.521,70.042,108.89,152.73,190.53,5197.1
74.841,68.221,127.38,183.73,181.3,11381
60.829,73.371,92.862,164.6,190.53,8409.9
30.532,64.189,124.09,185.44,173.51,4554.2
39.729,39.601,135.19,169.37,206.14,5655.3
49.771,76.955,120.65,163.38,198.15,6866.6
48.098,40.613,131.41,167.06,207.97,6698.5
58.619,65.822,114.42,194.55,215.42,8582.4
34.782,51.817,145.3,168.05,185.23,5008.5
39.645,62.62,115.18,170.78,200.52,5566
44.739,74.266,135.93,162.99,200.15,6269.8
56.393,69.274,116.6,187.18,205.08,8082.2
32.52,44.934,108.35,195.94,192.94,4854.6
46.614,57.577,92.286,190.93,209.4,6532.1
44.742,56.621,124.18,158.54,194.82,6070.4
53.334,54.246,109.8,188.94,213.66,7609.9
52.447,61.091,113.41,164.59,224.5,7430.9
43.255,58.299,120.35,174.15,208.52,6113
38.955,80.768,119.17,178.47,194.3,5563.9
18.671,47.044,117.73,165.14,170.26,3441.4
54.04,57.721,125.27,187.06,196.58,7638.3
38.132,53.033,124.32,177.75,215.09,5605.8
52.453,80.957,118.4,185.2,211.92,7557.2
8.9978,58.413,106.54,160.57,197.88,3253.3
37.695,80.511,104.9,153.79,220.78,5407.8
41.81,46.612,92.047,174.12,205.68,5722.2
28.465,62.598,115.52,200.87,192.19,4619.8
38.479,62.855,139.48,169.52,190.08,5458
47.86,67.534,123.89,177.86,213.57,6840.9
45.369,72.558,120.1,174.95,219.26,6531.6
59.467,56.371,125,186.92,185.53,8417.2
61.496,45.493,109.91,169.12,198.33,8642.4
39.172,56.581,122.97,177.23,208.28,5657.4
55.977,80.186,103.88,167.66,203.54,7816.7
50.278,84.282,117.14,178.52,201.02,7085
32.89,62.571,120.1,182.5,195.15,4924.1
68.909,40.077,101.74,177.07,214.53,10189
54.265,55.655,118.52,178.74,169.6,7315.2
37.291,64.303,112.05,155.43,202.43,5194.1
39.061,41.919,110.29,169.19,193.99,5338
53.729,68.101,112.63,175.85,173.32,7250.4
64.989,59.533,120.53,185.99,206.27,9581.9
53.299,61.813,131.41,151.4,195.14,7284.1
54.658,67.294,131.07,173.27,216.29,7875
32.256,48.774,118.81,166.32,187.55,4621.7
37.016,65.92,98.501,179.24,201.62,5270.4
48.997,66.147,105,176.97,194.73,6711.3
27.165,92.345,109.95,177.26,208.17,4545.2
52.951,71.385,130.79,182.61,209.21,7625.3
35.982,73.752,109.42,185.89,200.77,5286.1
29.653,72.792,126.66,181.57,181.15,4559.4
28.697,77.272,120.95,166.85,201.12,4537
42.224,50.043,128.58,170.32,197.62,5873.9
32.177,51.543,112.31,161.54,189.45,4569.4
78.125,77.409,77.707,163.41,216.44,12043
35.764,55.872,121.03,184.24,202.96,5279.9
45.022,72.094,114.51,179.42,202.77,6334.6
39.331,56.659,110.57,176.13,183.94,5373
48.686,48.044,93.202,164.67,210.21,6601.2
44.135,50.158,111.08,182.68,195.59,6093.7
67.219,69.538,102.45,175.08,204.65,9842.4
55.844,58.457,104.23,159.95,190.57,7551.4
46.995,61.869,101.18,186.26,235.29,6851.1
36.98,54.231,109.5,171.39,183.68,5062.5
53.824,82.561,99.58,162.54,209.23,7473.9
37.001,66.424,121.6,203.83,216.49,5720.3
27.949,73.742,109.35,168.93,219.48,4590.9
44.09,49.008,109.22,167.48,162.67,5650.5
29.785,67.029,125.24,186.72,199.57,4757.6
23.761,70.073,105.59,182.86,209.52,4259.9
42.522,86.686,113.23,191.94,209.25,6211.8
26.274,62.916,107.92,195.39,173.08,4186.3
62.034,61.487,118.07,188.35,225.13,9227.4
65.942,85.669,136.49,175.01,206.1,9840.7
41.204,73.663,103.74,167.52,222.72,5902.9
62.42,87.204,104.82,193.53,200.14,9108.6
47.979,81.121,111.65,175.58,193.04,6623.1
51.341,91.417,107.88,187.24,203.08,7298.5
44.804,56.674,105.44,146.24,193.81,5875.3
35.53,84.653,102.41,181.09,194.35,5138.2
49.838,49.929,101.82,172.07,188.41,6668.8
29.876,61.86,121.23,170.92,186.89,4489.4
28.801,51.363,111.79,175.98,200.07,4478.2
45.32,60.262,120.16,174.33,200.81,6311.1
41.611,63.016,107.85,158.62,189.16,5559.6
30.903,62.838,113.23,178.11,180.8,4537.3
64.652,74.439,113.45,194.11,191.88,9452.5
34.407,67.997,118.53,178.07,208.55,5171.1
52.742,68.922,112.93,165.7,179.19,7080.7
49.119,61.705,125.89,167.38,199.89,6802.4
36.033,39.064,121.86,160.21,207.22,5118.8
33.77,35.901,106.2,203.43,196.65,5027.2
65.139,74.767,121.59,197.53,193.93,9633.5
39.967,74.842,107.29,171,205.02,5641.4
47.622,80.727,108.7,179.87,209.71,6745.7
47.181,42.218,125.65,173.69,196.81,6492.4
27.83,45.228,101.9,179.06,202.49,4373.6
38.54,69.681,101.05,179.8,198.25,5434.2
33.231,79.428,113.52,178.35,205.17,5034.2
72.533,55.754,92.425,167.85,184.6,10576
34.405,86.304,104.56,172.86,225.85,5273.6
40.322,65.211,119.89,176.47,201.87,5733.1
26.699,55.735,111.77,173.49,206.37,4363
52.949,67.939,105.77,161.79,191.24,7154
16.152,65.262,105.81,197.67,209.17,3917.7
27.89,54.839,118.06,175.69,179.11,4249.2
36.153,41.932,137.72,176.87,223.18,5501
62.779,50.697,126.82,173.87,199.19,9022.9
27.327,70.832,129.17,162.25,187.06,4284.1
46.711,69.577,122.51,186.83,198.97,6614.3
43.227,77.407,97.287,177.76,201.46,6005
40.694,94.042,111.1,191.22,198.74,5899
55.942,57.348,119.23,184.33,214.49,8053.8
40.863,78.48,79.812,197.1,186.49,5634.6
25.522,74.827,113.5,176.87,186.76,4183
32.59,53.195,107.46,179.89,208.66,4906.4
64.056,64.631,128.56,189.69,183.09,9277.2
39.664,50.588,111.86,158.17,212.41,5529.7
52.572,64.75,91.625,162.58,219.23,7279.5
46.636,64.066,104.93,171.23,215.68,6531.4
64.59,71.534,128.46,201.05,210.19,9736.9
30.18,57.864,118.63,176.34,191.08,4570.3
48.43,40.204,109.24,182.57,200.43,6672
35.565,54.177,138.47,190.46,211.11,5471.4
47.842,65.771,109.49,181.5,206.01,6712.8
23.449,78.221,101.54,169.69,206.1,4109.2
36.727,54.632,135.19,190.51,211.11,5576.8
54.397,69.495,131.37,155.06,206.29,7609.9
25.84,71.959,123.85,175.38,222.55,4577.4
57.403,57.897,110.23,160.16,180.44,7743.5
50.112,57.31,125.46,184.99,176.82,6846.8
61.082,45.41,114.27,191.18,187.58,8659.4
44.102,62.832,93.609,175.86,185.69,5889.5
55.223,56.975,108.14,174.87,198.18,7653.1
42.967,44.161,101.65,173.2,199.32,5841.2
67.902,53.234,116.77,198.22,219.39,10317
47.608,78.027,134.8,211.36,190.38,6933.7
52.78,57.919,119.1,151.03,171.59,6903.6
40.137,51.095,100.09,170.04,210.49,5594.9
31.196,88.37,116.35,159.84,215.39,4842.2
47.817,55.637,103.56,167.39,204.07,6521.7
50.45,61.527,105.34,185.07,216.15,7170
42.444,51.767,115.94,170.65,205.85,5917.9
49.659,59.492,91.974,164.62,213.1,6793.9
35.975,62.63,119.62,165.79,177.64,4937.1
47.264,53.07,87.324,168.06,208.37,6396.6
41.486,66.523,111.04,194.96,205.04,5997.3
53.185,54.95,109.16,185.27,196.14,7393.8
43.818,64.081,103.29,163.26,205.18,5995.9
48.37,45.136,113.06,178.97,182.17,6500.6
58.052,71.047,112,184.23,179.63,8076
33.708,55.361,126.72,156.93,211.11,4971.4
40.923,79.908,114.36,174.07,207.25,5850.3
29.16,76.011,110.23,186.15,202.1,4670.4
49.4,69.238,95.585,177.27,185.69,6645
50.207,77.486,118.7,174.58,188.8,6918.2
29.114,66.45,133.08,178.93,199.43,4680.3
54.686,61.573,118.92,173.99,211.19,7754.7
42.565,56.486,136.27,166.82,198.57,5958.6
50.384,62.181,112,175.08,168.99,6680.3
39.356,62.171,101.71,183.28,178.99,5353
40.993,56.26,121.37,184.92,203.37,5871.1
48.184,52.125,115.09,183.05,210.69,6804.9
42.896,80.554,127.87,188.24,189.25,6102.3
51.501,48.22,118.28,178.4,195.32,7108
37.517,57.676,88.905,159.04,183.51,4924.9
38.472,68.742,87.278,175.45,179.48,5141.2
46.437,66.172,118.8,174.57,202.77,6489.7
57.403,69.648,118.95,164.49,201.83,8058.8
45.646,47.85,130.72,162.87,197.66,6256.5
67.569,69.354,107.63,188.49,218.66,10171
42.508,82.941,123.07,194.21,213.82,6311.5
50.328,48.387,122.92,183.82,188.97,6942.7
52.39,62.549,118.02,177.95,216.77,7480.5
26.17,74.335,117.4,173.18,184.76,4204
54.564,45.465,123.49,183.4,180.49,7495.5
47.471,72.528,109.77,161.91,211.67,6587.8
63.333,60.447,117.63,182.88,226.23,9425.5
57.316,61.293,111.55,178.88,220.97,8268.3
63.041,77.986,115.69,189.76,174.35,8981.1
34.303,67.826,111.8,190.84,198.03,5122.8
73.618,45.57,116.85,181.8,199.46,11150
51.598,84.848,105.92,157.83,208.39,7132.4
37.287,71.403,115.15,189.85,202.37,5492.8
61.367,74.145,99.581,192.75,189.17,8744.3
57.439,68.704,107.36,172,185.66,7905.5
38.385,60.168,117.17,205.23,182.56,5521.2
70.284,83.715,114.66,155.1,203.38,10395
33.481,65.849,91.658,157.43,181.23,4517.1
31.046,61.262,124.32,201.01,193.06,4893.6
63.148,72.1,90.66,176.64,193.57,8929
23.153,56.147,104.22,177.75,196.14,4005.2
30.633,63.22,108.29,175.42,205.58,4699.6
27.752,51.541,129.17,184.46,202.31,4571.7
47.504,62.061,123.39,166.93,190.08,6469.7
48.882,67.194,114.93,168.99,188.02,6627.8
55.132,76.353,120.4,188.92,187.46,7769.1
40.943,62.17,137.59,180.23,208.88,5985.8
54.176,49.235,96.968,163.53,199.95,7335
34.184,68.095,117.11,171.98,207.69,5087.3
43.02,71.757,89.401,183.1,213.49,6073.2
31.311,64.424,108.86,168.08,203.88,4695.2
33.505,64.316,81.256,186.75,218.57,5031.8
28.627,99.609,105.08,183.01,199.4,4620.3
56.266,51.728,127.33,190.39,184.22,7895.2
54.411,69.454,105.07,143.47,205.18,7372.6
58.476,81.208,112.21,183.58,185.46,8228.8
39.755,51.639,129.44,158.33,228.74,5791.5
67.215,72.699,109.8,166.37,176.97,9564.8
45.267,32.233,140.61,158.45,195.64,6160.1
55.325,57.828,121.84,197.36,213.26,8057.7
59.389,65.434,128.19,189.29,201.21,8613.1
39.973,68.288,103.96,165.42,219.89,5701.4
40.364,49.789,105.17,169.18,180.62,5358.3
25.538,81.411,107.19,196.41,196.99,4414.6
46.8,45.102,109.3,193.71,178.58,6343.2
47.573,82.598,114.69,188.82,171.04,6482.4
51.625,58.052,124.51,173.57,193.43,7134.9
37.31,44.863,89.3,172.62,228.11,5387.1
50.993,59.497,106.7,175.53,204.3,7067.1
20.586,61.186,130.12,175.07,181.5,3839.5
48.067,85.647,94.4,179.09,203.59,6681.9
52.828,81.349,94.658,158.57,200.26,7176.5
41.717,65.275,117.96,171.33,221.68,6034.5
52.75,83.228,113.91,151.35,197.49,7192.4
45.324,86.52,112.96,150.54,204.76,6208.3
38.055,54.329,112.33,178.47,201.79,5417.8
47.927,44.286,108.61,163.64,210.83,6564.6
52.878,61.674,116.2,177.41,186.34,7253.1
43.611,61.44,111.11,170.86,202.19,6033.4
59.835,69.45,105.01,188.36,191,8475
32.793,40.646,104.62,181.5,202.35,4825.7
24.49,75.341,130.16,178.86,183.89,4187.5
33.537,55.923,129.21,201.88,192.64,5138.6
59.621,47.513,119.08,172.38,181.34,8235.5
30.025,68.042,118.09,179.82,186.45,4567.6
54.045,46.114,104.48,185.6,187.23,7394.2
65.246,64.435,109.7,162.57,218.92,9527.1
39.513,51.392,103.98,183.27,215.67,5694.1
13.438,61.246,122.01,176.8,206.93,3696.7
41.386,37.052,94.563,166.25,189.67,5446.2
42.187,30.553,107.57,152.61,224.43,5814.6
54.568,62.939,132.49,170.88,206.61,7746.3
40.825,51.169,114.44,146.67,217.37,5639.1
54.082,60.668,111.26,179.57,218.31,7725.4
46.415,40.615,122.71,171.2,210.51,6477.6
48.252,58.073,130.92,160.44,191.95,6569.5
37.182,77.048,122.26,185.88,189.41,5385.1
38.274,64.168,112.38,175.22,212.44,5546.9
39.836,39.666,97.739,190.1,217.8,5734.2
55.818,74.743,95.187,188.61,202.71,7879.6
34.503,78.213,117.64,178.96,199.29,5126.6
61.774,53.968,122.76,171.73,216.38,8975.1
4.5402,62.011,104.06,196.88,190.18,3367.8
59.011,74.091,120.07,170.33,208.29,8453.3
41.754,48.489,135.93,173.6,203.68,5933.4
56.561,71.634,108.83,177.78,182.68,7793.9
46.798,64.243,114.69,183.72,194.08,6498.6
71.997,58.469,99.961,192.84,169.4,10561
59.198,88.031,99.559,162.68,184.42,8135.4
43.88,30.727,123.15,193.75,209.07,6277.9
33.415,72.857,86.251,188.27,193.25,4850
49.555,52.504,91.881,179.19,203.28,6776.3
47.352,86.497,105.83,197.67,207.92,6829.2
35.643,55.183,90.812,197.98,209.86,5272.7
37.401,63.316,110.97,166.12,195.07,5209.6
52.17,53.678,121.33,190.81,230.9,7668.5
48.251,61.068,130.83,164.58,198.04,6666.4
26.167,38.468,107.96,175.68,211.55,4315.1
47.053,84.89,129.15,200.95,183.68,6706.4
69.997,50.584,97.841,199.47,196.61,10421
22.665,85.586,93.15,197.07,220.14,4374
41.682,67.773,109.38,158.84,212.14,5807.5
27.047,73.234,116.99,171.8,201.14,4408.9
57.165,58.34,110.18,176.14,178.79,7811.2
48.29,62.756,99.879,156.58,192.93,6402.5
52.583,66.306,97.227,184.16,197.91,7280.2
61.189,53.387,106.88,186.84,220.57,8938.6
44.352,55.495,123.62,159.79,191.28,5990.2
74.415,48.05,123.94,155.07,208.51,11247
48.093,53.711,105.31,169.34,195.8,6500.9
40.923,56.201,132.91,167.52,236.46,6102
60.647,67.739,115.31,172.61,198.56,8617.3
45.769,78.293,108.94,181.43,205.99,6466.8
46.466,61.359,120.56,172.5,191.77,6369.7
55.564,46.7,106.7,168.38,197.18,7610.4
54.76,74.324,114.99,159.5,194.15,7514
44.237,72.748,111.25,169.03,209.6,6203.1
37.525,50.565,124.02,174.03,220.68,5554.5
50.488,75.523,103.54,172.88,208.09,7039.7
44.287,43.7,120.6,178.03,199.52,6146.1
42.454,45.23,104.21,208.82,189.98,5978.4
71.432,75.325,94.407,185.22,194.5,10642
31.577,74.215,119.89,186.42,206.6,4972.8
42.223,53.141,137.02,158.86,179.32,5669.8
47.564,80.464,117.65,177.25,186.27,6545.3
51.596,70.752,120.63,193.21,186.34,7231
38.912,65.523,123.23,160.13,209.77,5540.3
22.379,58.326,105.14,191.34,183.46,3950.5
53.524,79.679,103.63,191.88,223.11,7793.6
44.765,61.736,85.568,171.83,191.24,5949.5
62.377,57.071,94.701,194.36,194.71,8911.3
47.342,85.968,94.251,169.02,186.76,6348.1
60.404,40.373,110.95,181.68,204.61,8594.8
39.953,55.371,111.32,161.89,194.14,5431.6
49.216,20.526,122.82,182.6,194.26,6738.8
15.188,59.64,84.685,161.57,195.48,3341.2
65.745,66.355,107.64,176.14,192.76,9474.4
29.913,64.625,107.16,180.44,194.52,4569.5
29.745,39.011,95.203,176.44,182.26,4268.6
43.523,85.578,124.95,195.02,219.49,6514.9
29.807,52.221,125.19,147.46,206.2,4478.1
56.871,57.336,105.06,159.25,204.3,7842.8
35.145,76.365,100.96,175.02,218.33,5244.7
45.634,64.248,118.17,156.28,212.28,6323.9
67.689,76.245,118.55,182.6,228.68,10322
65.064,52.989,122.19,189.49,198.19,9535.9
74.165,65.048,123.13,182.56,224.76,11602
56.071,70.096,103.97,198.15,183.68,7847.7
42.774,75.596,119.47,176.58,223.54,6259.9
26.748,77.54,114.81,168.83,182.57,4190.3
72.786,55.173,99.156,177.6,195.53,10840
47.276,76.894,102.08,149.79,194.2,6277.2
51.148,51.364,92.976,176.85,194.89,6913.8
53.386,66.75,120.54,179.75,175.02,7281.1
43.506,55.043,127.41,171.23,183.83,5919.1
36.236,58.134,107.95,145.2,207.19,5008.5
47.6,80.594,112.05,169.28,178.59,6388.2
70.623,79.375,108.44,168.74,190.67,10402
44.434,31.604,122.95,159.71,220.13,6194.8
67.411,48.885,99.625,172.85,211.69,9851.4
49.79,81.926,115.09,166.69,205,6943.8
45.241,69.12,99.89,159.75,175.85,5874.1
50.348,70.013,109.11,185.71,186.57,6928.6
19.141,52.475,97.274,181.45,216.75,3933.4
29.604,68.521,90.668,179.94,200.75,4520.9
41.542,69.76,109.58,177.85,197.64,5806.6
38.579,68.107,109.75,160.99,191.74,5276.4
42.763,50.906,116.03,163.19,178.6,5643
55.475,75.622,107.91,203.14,202.95,8008
42.427,68.179,119.48,176.85,179.74,5786.8
24.172,52.576,123.79,181.24,208.94,4315.3
52.679,76.738,118.03,159.53,190.82,7183.9
41.938,58.648,146.47,141.37,208.24,5840.2
46.025,64.823,110.32,185.06,197.93,6419.7
53.076,61.927,86.937,170.91,200.32,7208.9
56.826,46.091,99.761,197.73,197.43,8001.6
44.563,60.792,113.75,174.65,185.19,6036.3
61.43,69.12,107.81,169.95,197,8684.4
35.382,53.682,130.53,186.79,184.02,5126.9
69.603,72.069,116.57,159.43,213.26,10358
47.206,43.038,123.02,193.76,201.68,6682.3
31.673,68.568,103.66,165.88,203.01,4687.8
36.667,53.751,119.27,177.56,191.95,5204.6
58.422,45.935,101.04,147.48,192.77,7847.6
56.851,48.744,115.09,168.34,210.28,7992.6
46.614,48.418,121.78,183.43,189.67,6420.7
51.909,69.373,116.41,179.91,171.74,7013.1
43.304,79.164,118.67,193.12,225.42,6475.6
47.995,62.288,130.9,180.11,190.17,6679.4
44.876,65.33,99.215,174.79,185.92,6020.5
48.602,77.172,116.52,165.39,207.47,6781.8
53.89,51.661,118.56,149.09,212.54,7421.5
51.902,43.655,101.37,160.5,192.31,6899.2
69.746,76.759,127.56,197.92,202.24,10649
50.282,64.015,146.9,181.48,191.76,7119.7
31.044,71.543,111.92,177.13,219.25,4921.7
50.736,87.598,110.54,160.43,189.54,6881.2
50.627,86.464,129.93,177.9,188.15,7085.7
37.34,76.994,100.69,174.18,192.61,5227.4
42.846,75.842,93.885,158.93,224.91,6011.2
58.19,81.456,100.33,164.21,209.57,8196.2
48.472,68.212,127.98,176.32,217.71,6976.9
54.81,70.923,117.78,167.12,219.63,7823
58.701,72.557,101.63,154.5,194.46,8047.3
51.694,59.199,99.205,189.97,229.82,7478.8
66.067,63.925,125.84,178.12,217.27,9870.5
36.911,71.058,124.12,181.11,182.33,5245.4
63.94,60.852,103.29,175.04,192.4,9085.1
49.227,81.511,126.18,187.03,199.74,7026.9
46.299,65.445,137.91,196.55,177.61,6502.8
39.177,61.292,124.07,182.95,194.65,5594
40.503,53.907,109.77,197.61,218.17,5979.4
48.077,75.111,123.03,165.15,187.63,6549.5
31.336,74.188,106.95,183.81,222.12,5007.1
61.207,58.336,91.337,187.48,204.36,8726.5
47.654,77.597,114.71,190.55,210.39,6860.4
35.526,48.025,94.775,192.78,198.26,5112.1
51.219,57.144,121.43,181.69,202.66,7203.7
51.955,55.782,127.78,172.9,221.37,7451.6
54.823,62.894,121.21,172.54,193.54,7616.3
63.509,58.395,120.35,191.52,184.16,9137.8
39.317,85.636,111.61,173.81,194.54,5545.8
52.667,48.387,102.18,211.51,215.82,7641.3
43.451,56.284,107.62,179.09,201.59,6036
39,58.483,95.357,174.44,216.01,5547.2
36.763,61.026,100.47,185.33,200.91,5278.9
59.753,46.903,124.1,170.3,209.62,8532.3
42.218,78.588,109.6,183.98,190.79,5897.4
60.046,67.7,119.9,160.23,195.8,8417
47.772,65.298,139.05,178.57,199.09,6772.9
32.986,59.476,127.5,176.82,202.58,4989.8
50.753,70.3,139.74,188.93,203.62,7336.8
50.808,68.52,119.41,187.71,204.63,7230.8
35.736,87.744,122.9,179.12,176.49,5096
52.427,68.53,117.89,154.51,193.36,7105.9
54.102,73.076,131.91,174.65,190.24,7576
45.754,46.098,118.89,166.62,206.26,6311.2
36.053,60.364,120.03,179.45,198.86,5243.2
49.628,47.903,96.269,170.86,199.71,6699.5
38.542,46.881,122.16,159.02,187.95,5224.5
39.728,75.356,89.73,156.81,183.05,5207.7
40.624,75.286,85.57,186.93,190.09,5584.1
50.404,41.123,100.67,176.14,191.98,6782.5
65.124,29.67,116.57,169.56,206.44,9372.6
55.632,46.593,105.47,171.03,206.12,7718.3
32.951,87.291,111.48,179.91,200.3,4986.6
42.948,58.751,101.84,167.38,201.29,5858
60.25,39.082,109.61,173.01,182.25,8281.5
30.012,63.047,107.5,171.11,205.01,4602.5
49.55,61.3,102.84,165.21,196.99,6695.6
40.849,58.681,107.49,163.77,188.56,5487.4
34.4,65.006,126.23,197.76,206.47,5332.8
22.172,48.185,115.51,167.39,208.04,4010.3
49.068,74.696,113.87,193.78,185.55,6836.4
62.363,59.687,129.84,159.2,207.95,8961.4
34.131,48.338,103.57,167.56,194.13,4789.5
55.377,61.694,121.81,190.15,192.07,7824.1
58.526,46.732,95.466,143.09,195.9,7833.6
62.969,72.873,110.91,170.65,208.62,9102.7
38.071,56.617,133.28,162.34,214.68,5536.7
38.497,43.43,129.42,194.1,162.91,5280.1
66.21,47.764,101.09,165.54,204.36,9500.1
40.082,49.861,114.28,179.21,187.41,5514.4
48.294,77.577,130.47,161.71,206.92,6781.4
44.822,59.845,121.18,177.06,189.6,6166.3
34.269,49.316,100.13,170.61,222.45,5076
44.088,62.179,113.98,156.57,189.14,5880.4
41.266,90.878,91.537,189.61,199.11,5843.7
34.7,54.432,116.04,149.33,173.5,4599.3
31.481,33,80.929,184.25,208.59,4633.5
48.193,55.193,96.36,155.01,190.77,6315.2
49.159,56.542,124.24,174.94,193.03,6776.9
40.003,67.977,131.59,182.92,209.28,5885.6
18.072,84.311,116.44,186.04,176.23,3729.8
60.753,46.627,131.14,168.32,207.42,8707.4
31.443,66.981,100,159.04,215.28,4705.5
59.181,58.679,101.05,170.64,196.41,8225
42.237,36.887,101.4,178.47,186.64,5649.6
25.969,50.641,113.47,170.77,184.99,4080.3
67.327,81.608,115.24,170.22,202.88,9914.7
55.402,58.924,95.695,177.86,221.57,7862.9
39.528,54.572,100.18,201.89,198.71,5667.7
28.495,59.962,129.46,189.56,198.75,4664.3
58.025,68.915,99.208,187.7,180.47,8030.9
62.959,72.004,118.78,164.54,196.05,8976.3
51.827,94.344,105.74,163.53,214.77,7297.3
30.469,40.19,121.88,174.42,197.43,4604.6
54.972,51.877,75.876,192.99,202.5,7603.5
54.917,79.094,112.55,173.06,180.65,7516.8
39.335,50.94,87.597,180.94,222.92,5634.9
60.845,38.803,133.1,163.73,207.33,8674.8
35.822,76.426,112.18,175.77,197.43,5184.2
40.637,56.299,107.75,182.62,179.97,5519.8
39.073,69.111,111.3,199.08,191.35,5629.1
38.09,86.539,126.06,185.76,177.94,5424.2
41.848,70.424,122.86,171.09,202.52,5910.7
52.566,72.941,114,175.55,203.62,7375.4
58.504,62.233,115.06,188.77,185.85,8234.9
43.356,64.235,105.93,174.01,202.27,6006.7
52.219,58.332,93.315,179.22,201.13,7172.7
42.781,84.031,111,175.37,222.9,6225.6
38.494,58.244,124.22,185.18,209.59,5665.9
49.545,95.902,102.51,187.89,195.21,6953
33.6,54.754,140.42,171.25,210.43,5135
35.53,71.369,115.29,181.26,206.56,5282.9
34.361,49.894,116.86,176.66,203.17,5041.9
64.092,58.905,108.35,189.69,191.44,9236.7
51.445,70.981,95.051,179.89,221.26,7298.1
24.942,54.86,95.713,172.28,181.43,3900.6
44.764,68.306,108.83,176.77,183.83,6061.9
51.257,61.04,129.25,180.94,188.09,7120.6
58.662,79.745,114.62,177.53,197.72,8337.5
20.352,62.219,117.48,170.83,189.71,3805.8
29.974,47.713,96.98,165.92,203.26,4440.7
73.121,81.834,129.94,191.78,209.46,11394
61.681,58.704,108.12,187.96,193.85,8806.7
55.068,74.764,109.52,186.36,186.33,7665.8
36.935,41.272,114.25,171.26,206.87,5260.5
41.164,60.542,121.28,193.53,210.21,6033.2
38.008,69.997,106.42,170.13,191.96,5272.7
42.707,81.091,106.48,171.28,209.49,6026.6
57.789,61.577,109.2,190.98,205.98,8286.8
43.776,59.605,128.29,172.83,166.35,5820
54.22,54.492,95.524,164.6,182.74,7197
56.855,60.201,78.275,201.3,194.58,7934.1
39.963,70.887,120.08,183.09,179.91,5554.3
56.294,53.001,119.68,191.3,219.63,8201.2
56.901,80.176,112.91,194.84,184.2,8040.9
32.343,71.597,86.457,181.91,218.44,4933.1
39.474,66.896,107.63,170.12,206.97,5574.2
53.777,57.878,108.72,163.91,193.88,7308
45.861,72.771,86.446,201.97,220.62,6635.2
57.795,58.558,120.75,188.34,216.15,8415.7
41.415,61.897,137.33,182.58,177.46,5763.2
54.72,71.525,121.39,176.11,209.18,7800.6
47.363,78.508,115.4,179.31,200.39,6647.8
35.885,94.197,115.55,180.19,194.69,5270.2
45.811,71.939,117.31,167.31,199.36,6328.6
25.424,50.267,107.19,180.12,210.47,4315
72.87,55.485,78.801,195.68,210.13,11024
60.174,75.384,125.86,170.66,193.36,8550.8
44.231,52.088,109.24,190.57,198.13,6185.7
54.385,63.234,97.24,188.7,192.82,7536.1
32.018,50.455,118.03,162.33,213.94,4817.4
45.795,62.858,111.9,187.19,186.83,6304
45.759,81.565,116.26,176.85,200.97,6432.8
31.573,62.399,119.94,195.6,193.36,4882.9
36.8,55.348,111.27,189.83,203.72,5384.2
54.26,48.009,108.62,190.12,191.84,7533.2
47.883,51.065,94.577,176.22,195.74,6458.2
67.822,69.967,108.12,168.68,201.58,9914
47.315,80.754,130.48,180.49,213.34,6859
40.87,74.724,108.86,157.84,191.37,5526.8
57.02,75.189,116.89,163.55,209.2,8063
40.759,66.483,100.61,181.3,208.29,5781.7
49.583,68.15,130.72,175.38,185.24,6837.3
51.728,84.283,127.6,202.1,193.71,7465.3
34.119,69.394,119.47,156.73,203.8,4945
54.524,71.472,115.33,173.69,210.54,7731.5
40.054,70.193,108.67,173.29,194.03,5559.3
34.205,75.982,100.84,168.22,179.99,4737.9
36.191,57.484,116.52,171.15,219.17,5357.3
53.991,46.18,127.36,159.47,203.9,7465.8
50.765,76.199,105.69,162.72,191.7,6863
44.777,55.133,108.95,147.53,200.06,5954.3
34.407,64.857,95.604,172.42,205.28,4965.3
55.949,47.805,101.95,181.47,193.59,7716
44.408,81.443,105.11,171.12,214.24,6277.6
30.531,47.333,111.79,194.88,179.22,4562.6
43.855,77.351,138.05,168.21,196.85,6186.1
60.254,61.322,115.24,167.9,194.07,8451.1
42.956,65.08,107.82,182.26,198.12,5993.5
43.548,57.695,132.6,154.54,198.51,5970.7
54.595,67.282,95.928,172.93,186.32,7393.5
69.036,86.98,109.94,180.62,191.41,10210
52.245,55.645,129.11,172.2,221.49,7497.5
69.268,73.055,112.13,183,192.2,10252
21.979,63.676,104.41,192.59,199.67,4098.5
58.626,69.091,112.04,138.86,178.6,7812.5
50.705,82.552,118.33,186.18,190.41,7107.2
47.398,64.662,116.3,176.17,192.98,6522.4
15.611,26.136,111.09,160.09,219.99,3618.9
38.2,61.657,99.538,183.06,195.85,5366.7
38.796,74.423,130.82,172.72,193.16,5535
38.262,85.619,97.527,180.14,189.23,5350.7
40.202,83.789,82.591,192.11,197.11,5649.7
25.434,73.661,135.05,177.57,198.37,4402.4
35.248,57.949,113.38,195.59,195.49,5208.7
59.751,80.239,122.76,175.63,214.9,8715.1
19.398,58.754,101.79,179.43,195.87,3779.7
35.474,98.509,119.53,167.21,215.03,5354
50.858,61.765,98.567,162.04,182.28,6701.7
55.215,52.293,107.1,188.27,210.07,7845.6
43.382,69.094,139.1,181.13,213.72,6363.7
27.345,69.888,124.01,162.95,180.68,4200.7
25.112,49.932,130.03,193.53,197.33,4392.4
29.207,57.002,88.849,155.1,210.01,4340.7
44.01,64.973,99.363,184.1,208.01,6186.8
42.295,61.905,107.36,176.82,186.32,5748.3
43.108,29.955,125.59,170.88,210.47,6030.8
37.006,44.088,119.8,193.17,187.68,5293.1
44.372,50.779,78.381,166.7,230.5,6156.2
44.193,55.463,118.32,173.21,207.4,6194.5
57.922,74.682,130.05,189.88,181.29,8220.4
46.004,58.675,128.8,179.25,207.44,6542.3
24.048,68.626,107.87,172.67,183,3961.6
54.073,96.729,129.21,180.2,194.54,7710.8
32.661,50.35,111.81,175.59,177.15,4599.9
43.893,43.611,124.27,174.4,213.22,6216.1
47.99,76.568,116.18,175.11,202.43,6719.5
70.205,25.81,93.396,168.8,207.71,10235
57.427,35.55,121.92,163.99,204.38,7996
43.529,53.278,109,190.66,187.93,6004.2
59.137,66.938,113.82,180.24,192.2,8344.4
45.324,61.183,101.08,161.94,203.37,6142
52.931,55.209,103.07,175.74,192.27,7214.2
59.482,63.567,95.901,191.8,181.64,8286.2
41.57,73.792,120.22,161.54,200.96,5786.2
43.12,55.193,110.69,183.32,221.51,6226.6
36.75,70.238,107.32,153.72,185.11,4953.7
46.418,67.029,124.93,188.09,190.14,6507
39.184,58.856,106.9,175.5,199,5479.6
41.81,58.644,123.44,176.27,211.75,5999.7
46.719,51.28,122.08,157.27,226.73,6593.2
34.705,71.509,112.13,184.56,198.92,5136.3
35.191,61.179,102.84,168.2,202.34,5012
54.501,68.845,88.541,155.12,183.54,7182.3
56.053,89.573,119.56,172.83,194.23,7893.2
33.132,34.002,103.51,193.65,209.86,4994.8
65.887,91.883,121.09,156.36,177.68,9358.6
68.631,72.62,121.76,190.85,200.59,10314
58.817,80.002,103.64,163.72,195.36,8178.7
37.564,55.777,77.299,175.95,191.2,5062.8
34.567,74.412,104.02,166.1,207.35,5026.3
45.228,71.08,110.65,153.83,199.58,6113.3
46.495,65.343,110.01,182.14,193.9,6422.4
37.422,40.261,122.86,162.21,185.18,5083.7
33.519,38.74,124.67,178.49,212.09,5065.2
51.172,69.107,84.832,171.12,210.82,7032.8
10.591,54.038,105.96,152.39,215.37,3383.7
27.199,50.401,105.79,160.79,181.8,4027.1
66.707,68.736,125.35,167.43,220.15,9950.6
50.217,81.657,100.6,181.31,197.22,6965.4
36.857,80.143,122.41,178.31,210.75,5502.8
33.782,58.99,112.51,171.92,179.56,4731.8
53.851,75.098,115.8,173.43,206.55,7600.2
37.231,75.976,135.21,200.78,196.67,5637.8
32.177,48.537,119.74,189.16,206.58,4970.6
34.653,51.997,133.53,175.13,202.98,5153.2
72.095,70.709,95.973,159.4,214.31,10763
45.338,63.609,113.84,199.69,197.88,6455
13.897,67.116,110.29,159.65,178.11,3269.4
29.037,54.24,138.21,174.1,196.67,4601.9
44.528,53.307,131.6,179.88,201.98,6301.9
31.653,59.22,110.35,173.48,192.76,4655.5
55.573,72.318,93.834,188.04,191.28,7714.3
36.53,54.917,124.84,180.89,184.05,5174.8
35.491,77.441,111.98,187.29,213.73,5392.3
47.709,63.883,107.17,175.57,203.08,6603.9
60.078,64.512,101.84,175.88,159.04,8090.9
5.542,67.891,106.84,181.71,181.81,3221.3
35.72,76.767,124.22,153.6,180.22,4909.3
63.532,80.688,141.54,182.61,211.95,9515.2
45.53,67.922,116.28,156.63,210.93,6301.1
45.454,67.562,120.29,184.52,170.29,6142.9
34.575,66.789,116.29,178.1,184.44,4946.5
47.028,52.299,132.29,185,197.7,6631.6
56.546,65.434,106.85,166.89,184.96,7700.6
39.106,74.454,86.774,183.48,168.86,5188.3
45.525,59.215,123.03,179.85,228.63,6652.8
50.368,66.123,111.48,181.47,184.15,6877.6
45.39,59.542,139.32,192.42,194.23,6496.6
55.311,37.918,126.16,172.48,182.81,7544.1
66.561,64.363,101.4,189.94,211.74,9873.5
37.752,74.244,104.17,176.86,175.52,5142.6
36.29,66.533,122.85,171.81,207.74,5326.6
45.328,53.694,127.1,192.25,203.69,6492.8
69.98,64.372,130.25,178.72,210.38,10604
62.195,73.181,121.24,198.93,185.54,9018.1
59.112,66.916,125.39,202.69,198.38,8630.6
60.704,80.581,110.5,160.81,206.33,8623.2
48.766,44.326,113.46,177.01,218.59,6882.1
30.821,67.987,90,181.6,202.38,4649.8
38.724,50.024,94.712,177,172.8,5102
60.921,46.904,97.126,190.31,213.77,8782.4
34.356,72.956,103.26,192.07,210.81,5226.8
35.595,66.989,114.56,188.06,206.98,5328
44.677,80.834,114.45,165.1,185.4,6044.4
24.161,79.215,111.32,170.34,211.01,4264.6
50.154,43.473,119.79,189.23,200.93,7039
45.962,52.212,121.87,156.68,194.6,6188.1
28.299,30.045,114.64,154.29,201.02,4231.9
68.569,44.095,115.94,172.5,186.13,9909.4
57.683,86.93,105.19,179,193.27,8113.7
61.623,65.526,114.09,192.03,211.03,9040.8
37.57,50.798,131.79,172.54,174.03,5153.4
37.898,61.102,117.18,167.07,172.21,5083.3
59.35,79.205,139.54,179.58,201,8632.9
42.221,77.19,121.04,172,198.43,5935.4
30.067,52.452,118.28,154.6,199.34,4454.3
70.235,75.317,116.08,183.46,203.4,10583
42.291,42.658,108.56,192.52,201.07,5953.8
28.146,51.702,99.082,210.59,192.38,4548.5
63.363,50.114,115.23,159.19,208.37,9039.7
36.888,54.359,127.15,171,183.43,5142.3
47.407,54.078,134.44,172.96,198.03,6611.8
27.833,96.008,110.19,165.41,167.66,4140.9
35.389,75.578,111.39,189.28,176.09,5035.8
54.272,52.183,113.3,195.9,207.86,7766.6
49.419,74.188,114.19,192.95,192.19,6942.2
27.164,65.605,98.704,169.34,196.77,4237.4
51.926,79.177,125.88,192.85,220.44,7650.4
28.534,71.579,115.04,146.62,214.73,4448.5
37.027,59.598,103.59,165.07,196.33,5122.4
77.256,58.392,112.63,185.66,200.21,11995
40.865,63.559,118.65,191.71,207.21,5951
69.015,67.126,99.15,180.6,206.06,10226
44.518,69.563,125.08,156.3,196.06,6079.8
47.686,72.246,95.276,175.98,184.18,6388.2
55.431,49.696,121.38,167.95,193.79,7641.7
38.783,65.198,104.9,169.22,209.3,5491.5
33.58,77.578,124.45,175.41,205.27,5099.4
51.801,48.756,143.84,190.58,203.28,7458.4
10.498,49.805,94.844,178.03,212.09,3473
32.467,60.348,113.91,168.32,192.74,4713.8
50.199,70.416,147.34,191.52,214.16,7415.5
51.761,81.83,93.638,183.73,204.82,7245.4
37.502,72.535,123.84,169.23,223.31,5605.4
48.573,57.325,115.01,158.02,190.85,6498.1
41.29,71.302,100.12,177.41,178.32,5546.1
62.544,78.965,119.68,161.91,217.21,9105
45.297,47.723,116.27,193.35,192.37,6315
59.373,71.232,87.164,174.54,212.53,8401.9
39.784,78.361,89.832,203.26,200.75,5742.7
48.499,73.572,109.45,167.3,207.74,6735.8
62.348,51.923,120.32,184.4,197.44,8977.6
56.227,62.677,123.48,161.66,170.63,7555.4
47.506,59.103,98.275,170.89,217.32,6611.7
58.444,83.519,98.876,193.77,180.63,8191.1
46.639,55.333,119.56,165.82,215.54,6541.4
52.665,87.303,131.74,146.53,189.75,7178.2
36.524,54.086,126.62,183.55,201.32,5363.2
49.044,65.669,102.61,178,186.04,6630.1
47.607,51.433,108.82,166.26,212.59,6579.6
31.201,57.371,126.29,185.84,184.02,4706.4
40.74,64.923,106.09,178.32,195.04,5657.2
40.179,66.49,120.05,187,208.85,5866.6
38.3,68.47,97.849,174.61,179.41,5171
61.616,64.779,133.9,186.41,193.91,8940.2
49.817,67.21,119.1,184.63,200.77,7021.6
40.62,84.349,117.32,185.48,212.91,5983.7
51.588,77.135,98.98,177.1,198.6,7125.5
44.754,78.64,111.25,161.93,203.09,6172.2
54.305,69.457,109.93,169.15,201.54,7543.2
33.122,79.274,104.98,178.1,209.02,5011.8
28.956,68.546,116.61,189.19,220.22,4857.8
66.703,93.834,96.273,166.82,204.01,9713.8
27.421,48.774,125,173.11,204.25,4446.6
44.186,49.402,97.381,187.35,218.45,6274.2
35.58,58.715,118.3,170.99,199.31,5120
9.6869,42.189,119.18,186.28,213.56,3633.3
34.996,58.812,119.14,194.34,212.97,5370.8
26.093,65.171,99.671,181.09,204.2,4318
44.155,59.075,103.56,185.96,211.21,6254.1
35.22,93.301,112.68,189.18,221.35,5501.9
64.832,57.804,112.81,186.29,182.78,9288.1
37.255,58.695,98.427,183.69,174.61,5054.8
50.023,80.845,116.9,176.42,196.47,6978
49.234,72.738,114.24,181.49,178.85,6699.8
57.461,66.653,92.559,181.32,187.91,7915.7
49.489,52.515,123.17,180.73,215.09,7056.8
68.569,76.36,112.87,183.33,201.82,10219
41.229,42.888,94.314,158.81,191.68,5405.9
27.825,71.819,114.33,154.03,173.42,4057.1
41.177,72.717,105.34,156.86,179.91,5423.6
57.999,64.612,116.65,167.02,196.45,8099.4
61.871,59.916,110.41,158.54,194.11,8635.2
65.582,52.627,118.98,172.1,206,9556.1
63.002,67.438,105.24,158.48,198.02,8870.3
52.903,68.606,111.37,170.35,201.64,7341.4
47.735,69.998,100.14,178.92,221.88,6789.7
36.461,84.59,110.75,157.28,216.72,5307.8
61.516,55.822,106.91,190.06,196.45,8802.6
48.296,51.192,111.55,189.43,213.56,6874
45.026,63.665,110.28,174.76,191.37,6145
69.037,62.193,105.87,172.89,185.55,10000
40.932,64.553,97.081,176.93,208.75,5748.4
32.615,63.871,104.3,183.93,211.89,4985
59.227,60.266,108.68,177.94,200.7,8374.3
62.835,59.029,121.41,171.11,176.61,8796.7
29.409,43.439,99.502,191.48,196.85,4527.3
35.64,58.649,89.84,185.48,197.33,5065.1
24.163,74.239,133.83,165.97,207.79,4306.8
55.096,70.445,109.25,188.22,189.58,7700.4
46.684,58.583,112.57,180.22,194.9,6436
29.844,71.062,104.9,177.02,204.25,4635.8
47.868,98.678,86.349,176.4,202.26,6617.7
58.499,59.025,114.26,183.65,174.56,8075.2
53.525,59.032,123.3,183.94,197.84,7539.8
36.523,49.065,98.419,169.76,192.97,5013.9
38.485,62.501,128.95,178.49,199.22,5555.1
36.61,66.969,103.88,139.56,196.72,4911.6
56.446,77.263,113.89,172.25,180.87,7760
47.267,55.073,97.891,176.75,192.13,6373.4
56.212,77.736,96.637,174.65,179.3,7634.6
45.682,59.525,126.52,195.41,207.89,6617.1
45.299,61.603,126,179.31,203.26,6404.5
36.662,77.095,119.55,183.59,214.55,5533.3
47.052,48.378,110.27,178.62,216.53,6633.2
45.362,51.65,119.01,194.94,206.97,6498.9
28.606,74.01,120.48,157.56,200.35,4439.3
55.976,58.162,120.37,186.65,210,8043.4
65.478,38.47,85.463,173.54,192.43,9198.4
46.646,46.712,138.94,176.22,187.73,6438.7
51.007,47.825,118.22,172.14,186.88,6906.6
43.454,61.036,119.27,173.42,199.25,6048.1
60.869,61.178,106,176.12,218.21,8797.4
68.43,61.571,117.31,191.63,192.22,10144
51.955,55.61,108.27,159.16,195.48,6999.5
39.554,61.1,117.46,168.13,181.52,5365.2
20.87,52.243,128.85,195.3,192.35,4078.3
41.775,63.562,122,177.97,198.95,5895.6
58.284,63.878,88.547,178.03,198.91,8101.3
69.779,45.691,130.72,186.33,213.31,10595
49.152,50.085,104.47,204.97,193.69,6885.2
60.448,63.874,93.591,178.02,202.23,8530.2
51.749,72.44,126.89,176.02,186,7158.5
71.223,71.796,118.51,176.46,213.79,10831
36.234,47.151,118.09,163.34,203.2,5130.1
45.115,63.676,108.96,178.51,206.53,6319.9
23.455,63.506,91.972,159.04,193.62,3816.3
41.321,94.685,116.61,179.14,190.88,5839.3
49.944,67.859,104.55,155.07,200.31,6735
33.255,54.277,92.119,161.35,198.46,4654.2
46.933,78.416,102.75,153.02,201.48,6331.4
52.324,59.783,110.27,197.44,192.72,7343.6
24.026,83.135,99.404,162.95,195.09,3997.8
24.31,59.656,122.73,191.4,193.25,4271
56.542,63.608,105.8,192.23,191.53,7943.1
21.582,59.508,109.12,175.64,186.32,3832.2
45.363,62.04,135.73,179.38,198.86,6425.6
36.211,76.793,103.88,181.08,216.42,5399.6
37.359,58.249,93.039,162.7,204.03,5151.7
42.648,51.705,114.39,187.72,224.81,6241.9
50.862,77.797,109.96,163.06,201.01,6994.7
77.33,59.406,112.76,170.32,168.61,11602
41.677,57.181,114.45,173.58,211.27,5906.2
43.701,62.075,85.421,176.05,198.41,5913.1
63.683,50.394,112.78,187.64,192.95,9158.1
38.613,84.401,104.06,154.74,219.54,5511.7
51.984,60.272,109.22,175.84,193.68,7132.9
52.954,77.09,111.36,172.26,203.38,7405.6
39.717,65.245,94.032,181.14,208.86,5625.9
62.296,83.436,119.91,195.59,209.18,9255.9
53.466,62.469,112.42,167.19,182.4,7210.9
48.467,78.784,106.59,196.32,197.71,6858.4
43.491,80.675,113.97,184.86,194.5,6125.9
47.534,72.984,125.78,172.49,186.65,6529.6
68.985,79.984,119.82,192.08,195.05,10353
32.295,68.721,119.44,158.9,200.81,4756.5
44.946,58.407,125.68,169.28,190.19,6148.4
33.698,64.482,108.33,174.3,219.8,5112.9
61.631,66.07,132.46,171.95,169.22,8597.9
63.355,60.357,107.29,191.93,220.92,9393
26.735,74.312,94.097,172.15,207.64,4328.9
50.315,70.093,128.54,168.13,195.54,6978.3
50.267,66.203,124.48,178.26,210.37,7153.9
39.999,77.771,112.99,178.76,190.23,5605
47.838,58.188,103.6,174.39,206.81,6611.4
34.195,67.889,126.47,175.81,212.66,5213.4
44.378,66.395,89.016,160.98,191.14,5848.7
37.798,49.285,88.204,145.1,210.39,5072.2
51.67,79.113,125.08,164.16,212.32,7313.4
33.031,74.257,106.4,182.07,200.17,4942.9
58.367,63.368,92.055,184.97,208.12,8271.7
50.567,55.735,111.4,168.93,197.36,6903.3
52.363,68.024,93.559,180.33,210.79,7323.9
41.305,71.25,104.54,154.78,206.75,5665.7
35.121,46.111,77.357,179.36,210.93,4988.5
34.833,49.141,116.67,169.01,188.75,4892.6
31.264,72.897,105.98,173.94,191.07,4625.6
74.67,72.726,101.38,166.9,208.03,11341
46.121,56.717,97.055,182.09,206.76,6397.1
37.717,59.003,82.368,165.01,192.31,5043.4
53.859,64.431,113.28,180.85,197.89,7531.1
31.155,50.953,108.83,178.86,197.09,4658.8
43.98,72.5,108.99,169.05,192.47,5997.2
19.057,70.354,147.26,175.87,205.08,4098.4
34.368,46.826,104.45,178.02,200.38,4951.1
34.049,62.019,114.15,165.94,190.72,4834.9
40.181,50.767,110.26,169.14,208.8,5630.7
37.618,70.844,110.27,179.27,191.57,5319.2
38.583,49.088,117.44,164.85,169.91,5085.6
55.759,43.073,107.7,178.23,175.73,7510
47.687,64.793,114.65,164.45,179.39,6337.2
59.345,61.883,95.095,161.96,202.36,8220.6
46.011,53.446,108.17,185.08,203.18,6421.4
44.891,43.168,103.87,183.02,199.1,6166.6
40.066,82.211,105.06,166.68,198.79,5571.9
69.747,77.966,95.751,181.22,209.93,10428
37.967,55.007,98.27,164.85,172.76,4959.5
36.135,72.129,104.01,194.56,181.37,5152.5
46.307,56.291,110.85,173.03,187.38,6244.2
43.708,79.196,102.58,173.84,204.1,6094
51.881,61.789,119.39,180.51,209.94,7364.4
55.589,71.625,132.26,174.73,202.23,7921.7
40.824,68.102,107.96,162.78,178.82,5416.7
53.065,68.998,108.09,172.07,215.3,7490.8
49.818,56.744,107.75,175.19,187.69,6735.2
44.235,90.17,111.95,179.02,215.86,6393.6
43.825,56.833,113.76,185.61,204.7,6196.5
53.878,62.269,93.666,174.99,201.37,7410.7
47.472,66.453,100.12,170.73,194.28,6422.2
41.822,56.439,102.19,190.7,214.61,6017.2
38.817,59.106,97.289,173.77,214.25,5517.2
